[{"model": "predictions.season", "pk": 1, "fields": {"year": "2023-24", "slug": "2023-24", "start_date": "2023-10-24", "end_date": "2024-07-01", "submission_start_date": "2023-10-01", "submission_end_date": "2023-10-24"}}, {"model": "predictions.season", "pk": 2, "fields": {"year": "2022-23", "slug": "2022-23", "start_date": "2022-10-18", "end_date": "2023-07-01", "submission_start_date": "2022-10-01", "submission_end_date": "2023-10-18"}}, {"model": "predictions.season", "pk": 3, "fields": {"year": "2024-25", "slug": "2024-25", "start_date": "2024-10-22", "end_date": "2025-07-01", "submission_start_date": "2024-09-27", "submission_end_date": "2024-10-22"}}, {"model": "predictions.team", "pk": 1, "fields": {"name": "Boston Celtics", "abbreviation": "BOS", "conference": "East"}}, {"model": "predictions.team", "pk": 2, "fields": {"name": "Denver Nuggets", "abbreviation": "DEN", "conference": "West"}}, {"model": "predictions.team", "pk": 3, "fields": {"name": "Oklahoma City Thunder", "abbreviation": "OKC", "conference": "West"}}, {"model": "predictions.team", "pk": 58, "fields": {"name": "Milwaukee Bucks", "abbreviation": "MIL", "conference": "East"}}, {"model": "predictions.team", "pk": 59, "fields": {"name": "Minnesota Timberwolves", "abbreviation": "MIN", "conference": "West"}}, {"model": "predictions.team", "pk": 60, "fields": {"name": "Cleveland Cavaliers", "abbreviation": "CLE", "conference": "East"}}, {"model": "predictions.team", "pk": 61, "fields": {"name": "LA Clippers", "abbreviation": "LAC", "conference": "West"}}, {"model": "predictions.team", "pk": 62, "fields": {"name": "Orlando Magic", "abbreviation": "ORL", "conference": "East"}}, {"model": "predictions.team", "pk": 63, "fields": {"name": "Dallas Mavericks", "abbreviation": "DAL", "conference": "West"}}, {"model": "predictions.team", "pk": 64, "fields": {"name": "New York Knicks", "abbreviation": "NYK", "conference": "East"}}, {"model": "predictions.team", "pk": 65, "fields": {"name": "New Orleans Pelicans", "abbreviation": "NOP", "conference": "West"}}, {"model": "predictions.team", "pk": 66, "fields": {"name": "Indiana Pacers", "abbreviation": "IND", "conference": "East"}}, {"model": "predictions.team", "pk": 67, "fields": {"name": "Miami Heat", "abbreviation": "MIA", "conference": "East"}}, {"model": "predictions.team", "pk": 68, "fields": {"name": "Sacramento Kings", "abbreviation": "SAC", "conference": "West"}}, {"model": "predictions.team", "pk": 69, "fields": {"name": "Philadelphia 76ers", "abbreviation": "PHI", "conference": "East"}}, {"model": "predictions.team", "pk": 70, "fields": {"name": "Phoenix Suns", "abbreviation": "PHX", "conference": "West"}}, {"model": "predictions.team", "pk": 71, "fields": {"name": "Chicago Bulls", "abbreviation": "CHI", "conference": "East"}}, {"model": "predictions.team", "pk": 72, "fields": {"name": "Los Angeles Lakers", "abbreviation": "LAL", "conference": "West"}}, {"model": "predictions.team", "pk": 73, "fields": {"name": "Atlanta Hawks", "abbreviation": "ATL", "conference": "East"}}, {"model": "predictions.team", "pk": 74, "fields": {"name": "Golden State Warriors", "abbreviation": "GSW", "conference": "West"}}, {"model": "predictions.team", "pk": 75, "fields": {"name": "Houston Rockets", "abbreviation": "HOU", "conference": "West"}}, {"model": "predictions.team", "pk": 76, "fields": {"name": "Brooklyn Nets", "abbreviation": "BKN", "conference": "East"}}, {"model": "predictions.team", "pk": 77, "fields": {"name": "Toronto Raptors", "abbreviation": "TOR", "conference": "East"}}, {"model": "predictions.team", "pk": 78, "fields": {"name": "Utah Jazz", "abbreviation": "UTA", "conference": "West"}}, {"model": "predictions.team", "pk": 79, "fields": {"name": "Memphis Grizzlies", "abbreviation": "MEM", "conference": "West"}}, {"model": "predictions.team", "pk": 80, "fields": {"name": "Charlotte Hornets", "abbreviation": "CHA", "conference": "East"}}, {"model": "predictions.team", "pk": 81, "fields": {"name": "Portland Trail Blazers", "abbreviation": "POR", "conference": "West"}}, {"model": "predictions.team", "pk": 82, "fields": {"name": "Washington Wizards", "abbreviation": "WAS", "conference": "East"}}, {"model": "predictions.team", "pk": 83, "fields": {"name": "San Antonio Spurs", "abbreviation": "SAS", "conference": "West"}}, {"model": "predictions.team", "pk": 84, "fields": {"name": "Detroit Pistons", "abbreviation": "DET", "conference": "East"}}, {"model": "predictions.regularseasonstandings", "pk": 1, "fields": {"team": 1, "season": 1, "wins": 64, "losses": 18, "position": 1, "season_type": "regular"}}, {"model": "predictions.regularseasonstandings", "pk": 2, "fields": {"team": 59, "season": 1, "wins": 56, "losses": 26, "position": 3, "season_type": ""}}, {"model": "predictions.regularseasonstandings", "pk": 3, "fields": {"team": 2, "season": 1, "wins": 57, "losses": 25, "position": 2, "season_type": ""}}, {"model": "predictions.regularseasonstandings", "pk": 4, "fields": {"team": 58, "season": 1, "wins": 49, "losses": 33, "position": 3, "season_type": ""}}, {"model": "predictions.regularseasonstandings", "pk": 5, "fields": {"team": 60, "season": 1, "wins": 48, "losses": 34, "position": 4, "season_type": ""}}, {"model": "predictions.regularseasonstandings", "pk": 6, "fields": {"team": 3, "season": 1, "wins": 57, "losses": 25, "position": 1, "season_type": ""}}, {"model": "predictions.regularseasonstandings", "pk": 7, "fields": {"team": 61, "season": 1, "wins": 51, "losses": 31, "position": 4, "season_type": ""}}, {"model": "predictions.regularseasonstandings", "pk": 8, "fields": {"team": 62, "season": 1, "wins": 47, "losses": 35, "position": 5, "season_type": ""}}, {"model": "predictions.regularseasonstandings", "pk": 9, "fields": {"team": 63, "season": 1, "wins": 50, "losses": 32, "position": 5, "season_type": ""}}, {"model": "predictions.regularseasonstandings", "pk": 10, "fields": {"team": 64, "season": 1, "wins": 50, "losses": 32, "position": 2, "season_type": ""}}, {"model": "predictions.regularseasonstandings", "pk": 11, "fields": {"team": 67, "season": 1, "wins": 46, "losses": 36, "position": 8, "season_type": ""}}, {"model": "predictions.regularseasonstandings", "pk": 12, "fields": {"team": 70, "season": 1, "wins": 49, "losses": 33, "position": 6, "season_type": ""}}, {"model": "predictions.regularseasonstandings", "pk": 13, "fields": {"team": 65, "season": 1, "wins": 49, "losses": 33, "position": 7, "season_type": ""}}, {"model": "predictions.regularseasonstandings", "pk": 14, "fields": {"team": 66, "season": 1, "wins": 47, "losses": 35, "position": 6, "season_type": ""}}, {"model": "predictions.regularseasonstandings", "pk": 15, "fields": {"team": 69, "season": 1, "wins": 47, "losses": 35, "position": 7, "season_type": ""}}, {"model": "predictions.regularseasonstandings", "pk": 16, "fields": {"team": 68, "season": 1, "wins": 46, "losses": 36, "position": 9, "season_type": ""}}, {"model": "predictions.regularseasonstandings", "pk": 17, "fields": {"team": 71, "season": 1, "wins": 39, "losses": 43, "position": 9, "season_type": ""}}, {"model": "predictions.regularseasonstandings", "pk": 18, "fields": {"team": 72, "season": 1, "wins": 47, "losses": 35, "position": 8, "season_type": ""}}, {"model": "predictions.regularseasonstandings", "pk": 19, "fields": {"team": 73, "season": 1, "wins": 36, "losses": 46, "position": 10, "season_type": ""}}, {"model": "predictions.regularseasonstandings", "pk": 20, "fields": {"team": 74, "season": 1, "wins": 46, "losses": 36, "position": 10, "season_type": ""}}, {"model": "predictions.regularseasonstandings", "pk": 21, "fields": {"team": 75, "season": 1, "wins": 41, "losses": 41, "position": 11, "season_type": ""}}, {"model": "predictions.regularseasonstandings", "pk": 22, "fields": {"team": 76, "season": 1, "wins": 32, "losses": 50, "position": 11, "season_type": ""}}, {"model": "predictions.regularseasonstandings", "pk": 23, "fields": {"team": 77, "season": 1, "wins": 25, "losses": 57, "position": 12, "season_type": ""}}, {"model": "predictions.regularseasonstandings", "pk": 24, "fields": {"team": 78, "season": 1, "wins": 31, "losses": 51, "position": 12, "season_type": ""}}, {"model": "predictions.regularseasonstandings", "pk": 25, "fields": {"team": 79, "season": 1, "wins": 27, "losses": 55, "position": 13, "season_type": ""}}, {"model": "predictions.regularseasonstandings", "pk": 26, "fields": {"team": 80, "season": 1, "wins": 21, "losses": 61, "position": 13, "season_type": ""}}, {"model": "predictions.regularseasonstandings", "pk": 27, "fields": {"team": 81, "season": 1, "wins": 21, "losses": 61, "position": 15, "season_type": ""}}, {"model": "predictions.regularseasonstandings", "pk": 28, "fields": {"team": 82, "season": 1, "wins": 15, "losses": 67, "position": 14, "season_type": ""}}, {"model": "predictions.regularseasonstandings", "pk": 29, "fields": {"team": 83, "season": 1, "wins": 22, "losses": 60, "position": 14, "season_type": ""}}, {"model": "predictions.regularseasonstandings", "pk": 30, "fields": {"team": 84, "season": 1, "wins": 14, "losses": 68, "position": 15, "season_type": ""}}, {"model": "predictions.inseasontournamentstandings", "pk": 1, "fields": {"team": 73, "season": 1, "wins": 1, "losses": 3, "season_type": "ist", "ist_group": "East Group A", "ist_group_rank": 4, "ist_group_gb": 3, "ist_wildcard_rank": 11, "ist_knockout_rank": 0, "ist_wildcard_gb": 2, "ist_differential": -32, "ist_points": 499}}, {"model": "predictions.inseasontournamentstandings", "pk": 2, "fields": {"team": 1, "season": 1, "wins": 3, "losses": 1, "season_type": "ist", "ist_group": "East Group C", "ist_group_rank": 1, "ist_group_gb": 0, "ist_wildcard_rank": 3, "ist_knockout_rank": 3, "ist_wildcard_gb": 0, "ist_differential": 27, "ist_points": 449}}, {"model": "predictions.inseasontournamentstandings", "pk": 3, "fields": {"team": 60, "season": 1, "wins": 3, "losses": 1, "season_type": "ist", "ist_group": "East Group A", "ist_group_rank": 2, "ist_group_gb": 1, "ist_wildcard_rank": 5, "ist_knockout_rank": 0, "ist_wildcard_gb": 0, "ist_differential": 29, "ist_points": 474}}, {"model": "predictions.inseasontournamentstandings", "pk": 4, "fields": {"team": 65, "season": 1, "wins": 3, "losses": 1, "season_type": "ist", "ist_group": "West Group B", "ist_group_rank": 1, "ist_group_gb": 0, "ist_wildcard_rank": 3, "ist_knockout_rank": 3, "ist_wildcard_gb": 0, "ist_differential": 33, "ist_points": 463}}, {"model": "predictions.inseasontournamentstandings", "pk": 5, "fields": {"team": 71, "season": 1, "wins": 0, "losses": 4, "season_type": "ist", "ist_group": "East Group C", "ist_group_rank": 5, "ist_group_gb": 3, "ist_wildcard_rank": 15, "ist_knockout_rank": 0, "ist_wildcard_gb": 3, "ist_differential": -48, "ist_points": 409}}, {"model": "predictions.inseasontournamentstandings", "pk": 6, "fields": {"team": 63, "season": 1, "wins": 2, "losses": 2, "season_type": "ist", "ist_group": "West Group B", "ist_group_rank": 3, "ist_group_gb": 1, "ist_wildcard_rank": 8, "ist_knockout_rank": 0, "ist_wildcard_gb": 1, "ist_differential": -8, "ist_points": 489}}, {"model": "predictions.inseasontournamentstandings", "pk": 7, "fields": {"team": 2, "season": 1, "wins": 2, "losses": 2, "season_type": "ist", "ist_group": "West Group B", "ist_group_rank": 4, "ist_group_gb": 1, "ist_wildcard_rank": 9, "ist_knockout_rank": 0, "ist_wildcard_gb": 1, "ist_differential": -10, "ist_points": 432}}, {"model": "predictions.inseasontournamentstandings", "pk": 8, "fields": {"team": 74, "season": 1, "wins": 2, "losses": 2, "season_type": "ist", "ist_group": "West Group C", "ist_group_rank": 3, "ist_group_gb": 2, "ist_wildcard_rank": 7, "ist_knockout_rank": 0, "ist_wildcard_gb": 1, "ist_differential": 4, "ist_points": 483}}, {"model": "predictions.inseasontournamentstandings", "pk": 9, "fields": {"team": 75, "season": 1, "wins": 2, "losses": 2, "season_type": "ist", "ist_group": "West Group B", "ist_group_rank": 2, "ist_group_gb": 1, "ist_wildcard_rank": 6, "ist_knockout_rank": 0, "ist_wildcard_gb": 1, "ist_differential": 10, "ist_points": 424}}, {"model": "predictions.inseasontournamentstandings", "pk": 10, "fields": {"team": 61, "season": 1, "wins": 1, "losses": 3, "season_type": "ist", "ist_group": "West Group B", "ist_group_rank": 5, "ist_group_gb": 2, "ist_wildcard_rank": 12, "ist_knockout_rank": 0, "ist_wildcard_gb": 2, "ist_differential": -25, "ist_points": 446}}, {"model": "predictions.inseasontournamentstandings", "pk": 11, "fields": {"team": 72, "season": 1, "wins": 4, "losses": 0, "season_type": "ist", "ist_group": "West Group A", "ist_group_rank": 1, "ist_group_gb": 0, "ist_wildcard_rank": 1, "ist_knockout_rank": 1, "ist_wildcard_gb": 0, "ist_differential": 74, "ist_points": 494}}, {"model": "predictions.inseasontournamentstandings", "pk": 12, "fields": {"team": 67, "season": 1, "wins": 2, "losses": 2, "season_type": "ist", "ist_group": "East Group B", "ist_group_rank": 3, "ist_group_gb": 2, "ist_wildcard_rank": 9, "ist_knockout_rank": 0, "ist_wildcard_gb": 1, "ist_differential": 4, "ist_points": 454}}, {"model": "predictions.inseasontournamentstandings", "pk": 13, "fields": {"team": 58, "season": 1, "wins": 4, "losses": 0, "season_type": "ist", "ist_group": "East Group B", "ist_group_rank": 1, "ist_group_gb": 0, "ist_wildcard_rank": 1, "ist_knockout_rank": 1, "ist_wildcard_gb": 0, "ist_differential": 46, "ist_points": 502}}, {"model": "predictions.inseasontournamentstandings", "pk": 14, "fields": {"team": 59, "season": 1, "wins": 3, "losses": 1, "season_type": "ist", "ist_group": "West Group C", "ist_group_rank": 2, "ist_group_gb": 1, "ist_wildcard_rank": 5, "ist_knockout_rank": 0, "ist_wildcard_gb": 0, "ist_differential": 0, "ist_points": 438}}, {"model": "predictions.inseasontournamentstandings", "pk": 15, "fields": {"team": 76, "season": 1, "wins": 3, "losses": 1, "season_type": "ist", "ist_group": "East Group C", "ist_group_rank": 3, "ist_group_gb": 0, "ist_wildcard_rank": 7, "ist_knockout_rank": 0, "ist_wildcard_gb": 0, "ist_differential": 20, "ist_points": 455}}, {"model": "predictions.inseasontournamentstandings", "pk": 16, "fields": {"team": 64, "season": 1, "wins": 3, "losses": 1, "season_type": "ist", "ist_group": "East Group B", "ist_group_rank": 2, "ist_group_gb": 1, "ist_wildcard_rank": 4, "ist_knockout_rank": 4, "ist_wildcard_gb": 0, "ist_differential": 42, "ist_points": 440}}, {"model": "predictions.inseasontournamentstandings", "pk": 17, "fields": {"team": 62, "season": 1, "wins": 3, "losses": 1, "season_type": "ist", "ist_group": "East Group C", "ist_group_rank": 2, "ist_group_gb": 0, "ist_wildcard_rank": 6, "ist_knockout_rank": 0, "ist_wildcard_gb": 0, "ist_differential": 22, "ist_points": 446}}, {"model": "predictions.inseasontournamentstandings", "pk": 18, "fields": {"team": 66, "season": 1, "wins": 4, "losses": 0, "season_type": "ist", "ist_group": "East Group A", "ist_group_rank": 1, "ist_group_gb": 0, "ist_wildcard_rank": 2, "ist_knockout_rank": 2, "ist_wildcard_gb": 0, "ist_differential": 39, "ist_points": 546}}, {"model": "predictions.inseasontournamentstandings", "pk": 19, "fields": {"team": 69, "season": 1, "wins": 2, "losses": 2, "season_type": "ist", "ist_group": "East Group A", "ist_group_rank": 3, "ist_group_gb": 2, "ist_wildcard_rank": 8, "ist_knockout_rank": 0, "ist_wildcard_gb": 1, "ist_differential": 9, "ist_points": 485}}, {"model": "predictions.inseasontournamentstandings", "pk": 20, "fields": {"team": 70, "season": 1, "wins": 3, "losses": 1, "season_type": "ist", "ist_group": "West Group A", "ist_group_rank": 2, "ist_group_gb": 1, "ist_wildcard_rank": 4, "ist_knockout_rank": 4, "ist_wildcard_gb": 0, "ist_differential": 34, "ist_points": 480}}, {"model": "predictions.inseasontournamentstandings", "pk": 21, "fields": {"team": 81, "season": 1, "wins": 1, "losses": 3, "season_type": "ist", "ist_group": "West Group A", "ist_group_rank": 4, "ist_group_gb": 3, "ist_wildcard_rank": 13, "ist_knockout_rank": 0, "ist_wildcard_gb": 2, "ist_differential": -39, "ist_points": 416}}, {"model": "predictions.inseasontournamentstandings", "pk": 22, "fields": {"team": 68, "season": 1, "wins": 4, "losses": 0, "season_type": "ist", "ist_group": "West Group C", "ist_group_rank": 1, "ist_group_gb": 0, "ist_wildcard_rank": 2, "ist_knockout_rank": 2, "ist_wildcard_gb": 0, "ist_differential": 30, "ist_points": 482}}, {"model": "predictions.inseasontournamentstandings", "pk": 23, "fields": {"team": 83, "season": 1, "wins": 0, "losses": 4, "season_type": "ist", "ist_group": "West Group C", "ist_group_rank": 5, "ist_group_gb": 4, "ist_wildcard_rank": 15, "ist_knockout_rank": 0, "ist_wildcard_gb": 3, "ist_differential": -58, "ist_points": 429}}, {"model": "predictions.inseasontournamentstandings", "pk": 24, "fields": {"team": 3, "season": 1, "wins": 1, "losses": 3, "season_type": "ist", "ist_group": "West Group C", "ist_group_rank": 4, "ist_group_gb": 3, "ist_wildcard_rank": 11, "ist_knockout_rank": 0, "ist_wildcard_gb": 2, "ist_differential": 24, "ist_points": 463}}, {"model": "predictions.inseasontournamentstandings", "pk": 25, "fields": {"team": 77, "season": 1, "wins": 1, "losses": 3, "season_type": "ist", "ist_group": "East Group C", "ist_group_rank": 4, "ist_group_gb": 2, "ist_wildcard_rank": 10, "ist_knockout_rank": 0, "ist_wildcard_gb": 2, "ist_differential": -21, "ist_points": 436}}, {"model": "predictions.inseasontournamentstandings", "pk": 26, "fields": {"team": 78, "season": 1, "wins": 2, "losses": 2, "season_type": "ist", "ist_group": "West Group A", "ist_group_rank": 3, "ist_group_gb": 2, "ist_wildcard_rank": 10, "ist_knockout_rank": 0, "ist_wildcard_gb": 1, "ist_differential": -13, "ist_points": 469}}, {"model": "predictions.inseasontournamentstandings", "pk": 27, "fields": {"team": 79, "season": 1, "wins": 0, "losses": 4, "season_type": "ist", "ist_group": "West Group A", "ist_group_rank": 5, "ist_group_gb": 4, "ist_wildcard_rank": 14, "ist_knockout_rank": 0, "ist_wildcard_gb": 3, "ist_differential": -56, "ist_points": 430}}, {"model": "predictions.inseasontournamentstandings", "pk": 28, "fields": {"team": 82, "season": 1, "wins": 0, "losses": 4, "season_type": "ist", "ist_group": "East Group B", "ist_group_rank": 5, "ist_group_gb": 4, "ist_wildcard_rank": 13, "ist_knockout_rank": 0, "ist_wildcard_gb": 3, "ist_differential": -38, "ist_points": 458}}, {"model": "predictions.inseasontournamentstandings", "pk": 29, "fields": {"team": 84, "season": 1, "wins": 0, "losses": 4, "season_type": "ist", "ist_group": "East Group A", "ist_group_rank": 5, "ist_group_gb": 4, "ist_wildcard_rank": 14, "ist_knockout_rank": 0, "ist_wildcard_gb": 3, "ist_differential": -45, "ist_points": 439}}, {"model": "predictions.inseasontournamentstandings", "pk": 30, "fields": {"team": 80, "season": 1, "wins": 1, "losses": 3, "season_type": "ist", "ist_group": "East Group B", "ist_group_rank": 4, "ist_group_gb": 3, "ist_wildcard_rank": 12, "ist_knockout_rank": 0, "ist_wildcard_gb": 2, "ist_differential": -54, "ist_points": 419}}, {"model": "predictions.inseasontournamentstandings", "pk": 31, "fields": {"team": 73, "season": 3, "wins": 0, "losses": 0, "season_type": "ist", "ist_group": "East Group C", "ist_group_rank": 4, "ist_group_gb": 0, "ist_wildcard_rank": 10, "ist_knockout_rank": 0, "ist_wildcard_gb": 0, "ist_differential": 0, "ist_points": 0}}, {"model": "predictions.inseasontournamentstandings", "pk": 32, "fields": {"team": 1, "season": 3, "wins": 0, "losses": 0, "season_type": "ist", "ist_group": "East Group C", "ist_group_rank": 1, "ist_group_gb": 0, "ist_wildcard_rank": 1, "ist_knockout_rank": 1, "ist_wildcard_gb": 0, "ist_differential": 0, "ist_points": 0}}, {"model": "predictions.inseasontournamentstandings", "pk": 33, "fields": {"team": 60, "season": 3, "wins": 0, "losses": 0, "season_type": "ist", "ist_group": "East Group C", "ist_group_rank": 2, "ist_group_gb": 0, "ist_wildcard_rank": 4, "ist_knockout_rank": 4, "ist_wildcard_gb": 0, "ist_differential": 0, "ist_points": 0}}, {"model": "predictions.inseasontournamentstandings", "pk": 34, "fields": {"team": 65, "season": 3, "wins": 0, "losses": 0, "season_type": "ist", "ist_group": "West Group C", "ist_group_rank": 3, "ist_group_gb": 0, "ist_wildcard_rank": 6, "ist_knockout_rank": 0, "ist_wildcard_gb": 0, "ist_differential": 0, "ist_points": 0}}, {"model": "predictions.inseasontournamentstandings", "pk": 35, "fields": {"team": 71, "season": 3, "wins": 0, "losses": 0, "season_type": "ist", "ist_group": "East Group C", "ist_group_rank": 3, "ist_group_gb": 0, "ist_wildcard_rank": 9, "ist_knockout_rank": 0, "ist_wildcard_gb": 0, "ist_differential": 0, "ist_points": 0}}, {"model": "predictions.inseasontournamentstandings", "pk": 36, "fields": {"team": 63, "season": 3, "wins": 0, "losses": 0, "season_type": "ist", "ist_group": "West Group C", "ist_group_rank": 2, "ist_group_gb": 0, "ist_wildcard_rank": 5, "ist_knockout_rank": 0, "ist_wildcard_gb": 0, "ist_differential": 0, "ist_points": 0}}, {"model": "predictions.inseasontournamentstandings", "pk": 37, "fields": {"team": 2, "season": 3, "wins": 0, "losses": 0, "season_type": "ist", "ist_group": "West Group C", "ist_group_rank": 1, "ist_group_gb": 0, "ist_wildcard_rank": 1, "ist_knockout_rank": 1, "ist_wildcard_gb": 0, "ist_differential": 0, "ist_points": 0}}, {"model": "predictions.inseasontournamentstandings", "pk": 38, "fields": {"team": 74, "season": 3, "wins": 0, "losses": 0, "season_type": "ist", "ist_group": "West Group C", "ist_group_rank": 4, "ist_group_gb": 0, "ist_wildcard_rank": 9, "ist_knockout_rank": 0, "ist_wildcard_gb": 0, "ist_differential": 0, "ist_points": 0}}, {"model": "predictions.inseasontournamentstandings", "pk": 39, "fields": {"team": 75, "season": 3, "wins": 0, "losses": 0, "season_type": "ist", "ist_group": "West Group A", "ist_group_rank": 4, "ist_group_gb": 0, "ist_wildcard_rank": 11, "ist_knockout_rank": 0, "ist_wildcard_gb": 0, "ist_differential": 0, "ist_points": 0}}, {"model": "predictions.inseasontournamentstandings", "pk": 40, "fields": {"team": 61, "season": 3, "wins": 0, "losses": 0, "season_type": "ist", "ist_group": "West Group A", "ist_group_rank": 2, "ist_group_gb": 0, "ist_wildcard_rank": 4, "ist_knockout_rank": 4, "ist_wildcard_gb": 0, "ist_differential": 0, "ist_points": 0}}, {"model": "predictions.inseasontournamentstandings", "pk": 41, "fields": {"team": 72, "season": 3, "wins": 0, "losses": 0, "season_type": "ist", "ist_group": "West Group B", "ist_group_rank": 3, "ist_group_gb": 0, "ist_wildcard_rank": 8, "ist_knockout_rank": 0, "ist_wildcard_gb": 0, "ist_differential": 0, "ist_points": 0}}, {"model": "predictions.inseasontournamentstandings", "pk": 42, "fields": {"team": 67, "season": 3, "wins": 0, "losses": 0, "season_type": "ist", "ist_group": "East Group B", "ist_group_rank": 3, "ist_group_gb": 0, "ist_wildcard_rank": 8, "ist_knockout_rank": 0, "ist_wildcard_gb": 0, "ist_differential": 0, "ist_points": 0}}, {"model": "predictions.inseasontournamentstandings", "pk": 43, "fields": {"team": 58, "season": 3, "wins": 0, "losses": 0, "season_type": "ist", "ist_group": "East Group B", "ist_group_rank": 1, "ist_group_gb": 0, "ist_wildcard_rank": 3, "ist_knockout_rank": 3, "ist_wildcard_gb": 0, "ist_differential": 0, "ist_points": 0}}, {"model": "predictions.inseasontournamentstandings", "pk": 44, "fields": {"team": 59, "season": 3, "wins": 0, "losses": 0, "season_type": "ist", "ist_group": "West Group A", "ist_group_rank": 1, "ist_group_gb": 0, "ist_wildcard_rank": 3, "ist_knockout_rank": 3, "ist_wildcard_gb": 0, "ist_differential": 0, "ist_points": 0}}, {"model": "predictions.inseasontournamentstandings", "pk": 45, "fields": {"team": 76, "season": 3, "wins": 0, "losses": 0, "season_type": "ist", "ist_group": "East Group A", "ist_group_rank": 4, "ist_group_gb": 0, "ist_wildcard_rank": 11, "ist_knockout_rank": 0, "ist_wildcard_gb": 0, "ist_differential": 0, "ist_points": 0}}, {"model": "predictions.inseasontournamentstandings", "pk": 46, "fields": {"team": 64, "season": 3, "wins": 0, "losses": 0, "season_type": "ist", "ist_group": "East Group A", "ist_group_rank": 1, "ist_group_gb": 0, "ist_wildcard_rank": 2, "ist_knockout_rank": 2, "ist_wildcard_gb": 0, "ist_differential": 0, "ist_points": 0}}, {"model": "predictions.inseasontournamentstandings", "pk": 47, "fields": {"team": 62, "season": 3, "wins": 0, "losses": 0, "season_type": "ist", "ist_group": "East Group A", "ist_group_rank": 2, "ist_group_gb": 0, "ist_wildcard_rank": 6, "ist_knockout_rank": 0, "ist_wildcard_gb": 0, "ist_differential": 0, "ist_points": 0}}, {"model": "predictions.inseasontournamentstandings", "pk": 48, "fields": {"team": 66, "season": 3, "wins": 0, "losses": 0, "season_type": "ist", "ist_group": "East Group B", "ist_group_rank": 2, "ist_group_gb": 0, "ist_wildcard_rank": 5, "ist_knockout_rank": 0, "ist_wildcard_gb": 0, "ist_differential": 0, "ist_points": 0}}, {"model": "predictions.inseasontournamentstandings", "pk": 49, "fields": {"team": 69, "season": 3, "wins": 0, "losses": 0, "season_type": "ist", "ist_group": "East Group A", "ist_group_rank": 3, "ist_group_gb": 0, "ist_wildcard_rank": 7, "ist_knockout_rank": 0, "ist_wildcard_gb": 0, "ist_differential": 0, "ist_points": 0}}, {"model": "predictions.inseasontournamentstandings", "pk": 50, "fields": {"team": 70, "season": 3, "wins": 0, "losses": 0, "season_type": "ist", "ist_group": "West Group B", "ist_group_rank": 2, "ist_group_gb": 0, "ist_wildcard_rank": 7, "ist_knockout_rank": 0, "ist_wildcard_gb": 0, "ist_differential": 0, "ist_points": 0}}, {"model": "predictions.inseasontournamentstandings", "pk": 51, "fields": {"team": 81, "season": 3, "wins": 0, "losses": 0, "season_type": "ist", "ist_group": "West Group A", "ist_group_rank": 5, "ist_group_gb": 0, "ist_wildcard_rank": 15, "ist_knockout_rank": 0, "ist_wildcard_gb": 0, "ist_differential": 0, "ist_points": 0}}, {"model": "predictions.inseasontournamentstandings", "pk": 52, "fields": {"team": 68, "season": 3, "wins": 0, "losses": 0, "season_type": "ist", "ist_group": "West Group A", "ist_group_rank": 3, "ist_group_gb": 0, "ist_wildcard_rank": 10, "ist_knockout_rank": 0, "ist_wildcard_gb": 0, "ist_differential": 0, "ist_points": 0}}, {"model": "predictions.inseasontournamentstandings", "pk": 53, "fields": {"team": 83, "season": 3, "wins": 0, "losses": 0, "season_type": "ist", "ist_group": "West Group B", "ist_group_rank": 5, "ist_group_gb": 0, "ist_wildcard_rank": 14, "ist_knockout_rank": 0, "ist_wildcard_gb": 0, "ist_differential": 0, "ist_points": 0}}, {"model": "predictions.inseasontournamentstandings", "pk": 54, "fields": {"team": 3, "season": 3, "wins": 0, "losses": 0, "season_type": "ist", "ist_group": "West Group B", "ist_group_rank": 1, "ist_group_gb": 0, "ist_wildcard_rank": 2, "ist_knockout_rank": 2, "ist_wildcard_gb": 0, "ist_differential": 0, "ist_points": 0}}, {"model": "predictions.inseasontournamentstandings", "pk": 55, "fields": {"team": 77, "season": 3, "wins": 0, "losses": 0, "season_type": "ist", "ist_group": "East Group B", "ist_group_rank": 4, "ist_group_gb": 0, "ist_wildcard_rank": 12, "ist_knockout_rank": 0, "ist_wildcard_gb": 0, "ist_differential": 0, "ist_points": 0}}, {"model": "predictions.inseasontournamentstandings", "pk": 56, "fields": {"team": 78, "season": 3, "wins": 0, "losses": 0, "season_type": "ist", "ist_group": "West Group B", "ist_group_rank": 4, "ist_group_gb": 0, "ist_wildcard_rank": 12, "ist_knockout_rank": 0, "ist_wildcard_gb": 0, "ist_differential": 0, "ist_points": 0}}, {"model": "predictions.inseasontournamentstandings", "pk": 57, "fields": {"team": 79, "season": 3, "wins": 0, "losses": 0, "season_type": "ist", "ist_group": "West Group C", "ist_group_rank": 5, "ist_group_gb": 0, "ist_wildcard_rank": 13, "ist_knockout_rank": 0, "ist_wildcard_gb": 0, "ist_differential": 0, "ist_points": 0}}, {"model": "predictions.inseasontournamentstandings", "pk": 58, "fields": {"team": 82, "season": 3, "wins": 0, "losses": 0, "season_type": "ist", "ist_group": "East Group C", "ist_group_rank": 5, "ist_group_gb": 0, "ist_wildcard_rank": 14, "ist_knockout_rank": 0, "ist_wildcard_gb": 0, "ist_differential": 0, "ist_points": 0}}, {"model": "predictions.inseasontournamentstandings", "pk": 59, "fields": {"team": 84, "season": 3, "wins": 0, "losses": 0, "season_type": "ist", "ist_group": "East Group B", "ist_group_rank": 5, "ist_group_gb": 0, "ist_wildcard_rank": 15, "ist_knockout_rank": 0, "ist_wildcard_gb": 0, "ist_differential": 0, "ist_points": 0}}, {"model": "predictions.inseasontournamentstandings", "pk": 60, "fields": {"team": 80, "season": 3, "wins": 0, "losses": 0, "season_type": "ist", "ist_group": "East Group A", "ist_group_rank": 5, "ist_group_gb": 0, "ist_wildcard_rank": 13, "ist_knockout_rank": 0, "ist_wildcard_gb": 0, "ist_differential": 0, "ist_points": 0}}, {"model": "predictions.postseasonstandings", "pk": 2, "fields": {"team": 2, "season": 2, "wins": 4, "losses": 1, "season_type": "post", "opponent_team": 67, "round": 4}}, {"model": "predictions.player", "pk": 1, "fields": {"name": "Precious Achiuwa"}}, {"model": "predictions.player", "pk": 2, "fields": {"name": "Steven Adams"}}, {"model": "predictions.player", "pk": 3, "fields": {"name": "Bam Adebayo"}}, {"model": "predictions.player", "pk": 4, "fields": {"name": "Ochai Agbaji"}}, {"model": "predictions.player", "pk": 5, "fields": {"name": "Santi Aldama"}}, {"model": "predictions.player", "pk": 6, "fields": {"name": "Nickeil Alexander-Walker"}}, {"model": "predictions.player", "pk": 7, "fields": {"name": "Grayson Allen"}}, {"model": "predictions.player", "pk": 8, "fields": {"name": "Jarrett Allen"}}, {"model": "predictions.player", "pk": 9, "fields": {"name": "Jose Alvarado"}}, {"model": "predictions.player", "pk": 10, "fields": {"name": "Kyle Anderson"}}, {"model": "predictions.player", "pk": 11, "fields": {"name": "Giannis Antetokounmpo"}}, {"model": "predictions.player", "pk": 12, "fields": {"name": "Thanasis Antetokounmpo"}}, {"model": "predictions.player", "pk": 13, "fields": {"name": "Cole Anthony"}}, {"model": "predictions.player", "pk": 14, "fields": {"name": "OG Anunoby"}}, {"model": "predictions.player", "pk": 15, "fields": {"name": "Ryan Arcidiacono"}}, {"model": "predictions.player", "pk": 16, "fields": {"name": "Deni Avdija"}}, {"model": "predictions.player", "pk": 17, "fields": {"name": "Deandre Ayton"}}, {"model": "predictions.player", "pk": 18, "fields": {"name": "Udoka Azubuike"}}, {"model": "predictions.player", "pk": 19, "fields": {"name": "Marvin Bagley III"}}, {"model": "predictions.player", "pk": 20, "fields": {"name": "Amari Bailey"}}, {"model": "predictions.player", "pk": 21, "fields": {"name": "Patrick Baldwin Jr."}}, {"model": "predictions.player", "pk": 22, "fields": {"name": "LaMelo Ball"}}, {"model": "predictions.player", "pk": 23, "fields": {"name": "Lonzo Ball"}}, {"model": "predictions.player", "pk": 24, "fields": {"name": "Mo Bamba"}}, {"model": "predictions.player", "pk": 25, "fields": {"name": "Paolo Banchero"}}, {"model": "predictions.player", "pk": 26, "fields": {"name": "Desmond Bane"}}, {"model": "predictions.player", "pk": 27, "fields": {"name": "Dalano Banton"}}, {"model": "predictions.player", "pk": 28, "fields": {"name": "Dominick Barlow"}}, {"model": "predictions.player", "pk": 29, "fields": {"name": "Harrison Barnes"}}, {"model": "predictions.player", "pk": 30, "fields": {"name": "Scottie Barnes"}}, {"model": "predictions.player", "pk": 31, "fields": {"name": "RJ Barrett"}}, {"model": "predictions.player", "pk": 32, "fields": {"name": "Charles Bassey"}}, {"model": "predictions.player", "pk": 33, "fields": {"name": "Emoni Bates"}}, {"model": "predictions.player", "pk": 34, "fields": {"name": "Keita Bates-Diop"}}, {"model": "predictions.player", "pk": 35, "fields": {"name": "Nicolas Batum"}}, {"model": "predictions.player", "pk": 36, "fields": {"name": "Bradley Beal"}}, {"model": "predictions.player", "pk": 37, "fields": {"name": "Malik Beasley"}}, {"model": "predictions.player", "pk": 38, "fields": {"name": "MarJon Beauchamp"}}, {"model": "predictions.player", "pk": 39, "fields": {"name": "Charles Bediako"}}, {"model": "predictions.player", "pk": 40, "fields": {"name": "Davis Bertans"}}, {"model": "predictions.player", "pk": 41, "fields": {"name": "Patrick Beverley"}}, {"model": "predictions.player", "pk": 42, "fields": {"name": "Saddiq Bey"}}, {"model": "predictions.player", "pk": 43, "fields": {"name": "Goga Bitadze"}}, {"model": "predictions.player", "pk": 44, "fields": {"name": "Onuralp Bitim"}}, {"model": "predictions.player", "pk": 45, "fields": {"name": "Bismack Biyombo"}}, {"model": "predictions.player", "pk": 46, "fields": {"name": "Anthony Black"}}, {"model": "predictions.player", "pk": 47, "fields": {"name": "Leaky Black"}}, {"model": "predictions.player", "pk": 48, "fields": {"name": "Bogdan Bogdanovic"}}, {"model": "predictions.player", "pk": 49, "fields": {"name": "Bojan Bogdanovic"}}, {"model": "predictions.player", "pk": 50, "fields": {"name": "Bol Bol"}}, {"model": "predictions.player", "pk": 51, "fields": {"name": "Marques Bolden"}}, {"model": "predictions.player", "pk": 52, "fields": {"name": "Devin Booker"}}, {"model": "predictions.player", "pk": 53, "fields": {"name": "Brandon Boston Jr."}}, {"model": "predictions.player", "pk": 54, "fields": {"name": "Chris Boucher"}}, {"model": "predictions.player", "pk": 55, "fields": {"name": "James Bouknight"}}, {"model": "predictions.player", "pk": 56, "fields": {"name": "Malaki Branham"}}, {"model": "predictions.player", "pk": 57, "fields": {"name": "Christian Braun"}}, {"model": "predictions.player", "pk": 58, "fields": {"name": "Mikal Bridges"}}, {"model": "predictions.player", "pk": 59, "fields": {"name": "Miles Bridges"}}, {"model": "predictions.player", "pk": 60, "fields": {"name": "Oshae Brissett"}}, {"model": "predictions.player", "pk": 61, "fields": {"name": "Malcolm Brogdon"}}, {"model": "predictions.player", "pk": 62, "fields": {"name": "Armoni Brooks"}}, {"model": "predictions.player", "pk": 63, "fields": {"name": "Dillon Brooks"}}, {"model": "predictions.player", "pk": 64, "fields": {"name": "Bruce Brown"}}, {"model": "predictions.player", "pk": 65, "fields": {"name": "Jaylen Brown"}}, {"model": "predictions.player", "pk": 66, "fields": {"name": "Kendall Brown"}}, {"model": "predictions.player", "pk": 67, "fields": {"name": "Kobe Brown"}}, {"model": "predictions.player", "pk": 68, "fields": {"name": "Moses Brown"}}, {"model": "predictions.player", "pk": 69, "fields": {"name": "Greg Brown III"}}, {"model": "predictions.player", "pk": 70, "fields": {"name": "Charlie Brown Jr."}}, {"model": "predictions.player", "pk": 71, "fields": {"name": "Troy Brown Jr."}}, {"model": "predictions.player", "pk": 72, "fields": {"name": "Jalen Brunson"}}, {"model": "predictions.player", "pk": 73, "fields": {"name": "Thomas Bryant"}}, {"model": "predictions.player", "pk": 74, "fields": {"name": "Kobe Bufkin"}}, {"model": "predictions.player", "pk": 75, "fields": {"name": "Reggie Bullock Jr."}}, {"model": "predictions.player", "pk": 76, "fields": {"name": "Alec Burks"}}, {"model": "predictions.player", "pk": 77, "fields": {"name": "Jared Butler"}}, {"model": "predictions.player", "pk": 78, "fields": {"name": "Jimmy Butler"}}, {"model": "predictions.player", "pk": 79, "fields": {"name": "John Butler Jr."}}, {"model": "predictions.player", "pk": 80, "fields": {"name": "Jamal Cain"}}, {"model": "predictions.player", "pk": 81, "fields": {"name": "Kentavious Caldwell-Pope"}}, {"model": "predictions.player", "pk": 82, "fields": {"name": "Toumani Camara"}}, {"model": "predictions.player", "pk": 83, "fields": {"name": "Vlatko Cancar"}}, {"model": "predictions.player", "pk": 84, "fields": {"name": "Clint Capela"}}, {"model": "predictions.player", "pk": 85, "fields": {"name": "Jevon Carter"}}, {"model": "predictions.player", "pk": 86, "fields": {"name": "Wendell Carter Jr."}}, {"model": "predictions.player", "pk": 87, "fields": {"name": "Alex Caruso"}}, {"model": "predictions.player", "pk": 88, "fields": {"name": "Colin Castleton"}}, {"model": "predictions.player", "pk": 89, "fields": {"name": "Malcolm Cazalon"}}, {"model": "predictions.player", "pk": 90, "fields": {"name": "Julian Champagnie"}}, {"model": "predictions.player", "pk": 91, "fields": {"name": "Max Christie"}}, {"model": "predictions.player", "pk": 92, "fields": {"name": "Josh Christopher"}}, {"model": "predictions.player", "pk": 93, "fields": {"name": "Sidy Cissoko"}}, {"model": "predictions.player", "pk": 94, "fields": {"name": "Jaylen Clark"}}, {"model": "predictions.player", "pk": 95, "fields": {"name": "Brandon Clarke"}}, {"model": "predictions.player", "pk": 96, "fields": {"name": "Jordan Clarkson"}}, {"model": "predictions.player", "pk": 97, "fields": {"name": "Nic Claxton"}}, {"model": "predictions.player", "pk": 98, "fields": {"name": "Noah Clowney"}}, {"model": "predictions.player", "pk": 99, "fields": {"name": "Amir Coffey"}}, {"model": "predictions.player", "pk": 100, "fields": {"name": "John Collins"}}, {"model": "predictions.player", "pk": 101, "fields": {"name": "Zach Collins"}}, {"model": "predictions.player", "pk": 102, "fields": {"name": "Mike Conley"}}, {"model": "predictions.player", "pk": 103, "fields": {"name": "Pat Connaughton"}}, {"model": "predictions.player", "pk": 104, "fields": {"name": "Bilal Coulibaly"}}, {"model": "predictions.player", "pk": 105, "fields": {"name": "Ricky Council IV"}}, {"model": "predictions.player", "pk": 106, "fields": {"name": "Robert Covington"}}, {"model": "predictions.player", "pk": 107, "fields": {"name": "Torrey Craig"}}, {"model": "predictions.player", "pk": 108, "fields": {"name": "Jae Crowder"}}, {"model": "predictions.player", "pk": 109, "fields": {"name": "Cade Cunningham"}}, {"model": "predictions.player", "pk": 110, "fields": {"name": "Seth Curry"}}, {"model": "predictions.player", "pk": 111, "fields": {"name": "Stephen Curry"}}, {"model": "predictions.player", "pk": 112, "fields": {"name": "Dyson Daniels"}}, {"model": "predictions.player", "pk": 113, "fields": {"name": "Anthony Davis"}}, {"model": "predictions.player", "pk": 114, "fields": {"name": "Johnny Davis"}}, {"model": "predictions.player", "pk": 115, "fields": {"name": "JD Davison"}}, {"model": "predictions.player", "pk": 116, "fields": {"name": "DeMar DeRozan"}}, {"model": "predictions.player", "pk": 117, "fields": {"name": "Dexter Dennis"}}, {"model": "predictions.player", "pk": 118, "fields": {"name": "Donte DiVincenzo"}}, {"model": "predictions.player", "pk": 119, "fields": {"name": "Moussa Diabate"}}, {"model": "predictions.player", "pk": 120, "fields": {"name": "Gradey Dick"}}, {"model": "predictions.player", "pk": 121, "fields": {"name": "Ousmane Dieng"}}, {"model": "predictions.player", "pk": 122, "fields": {"name": "Spencer Dinwiddie"}}, {"model": "predictions.player", "pk": 123, "fields": {"name": "Luka Doncic"}}, {"model": "predictions.player", "pk": 124, "fields": {"name": "Luguentz Dort"}}, {"model": "predictions.player", "pk": 125, "fields": {"name": "Ayo Dosunmu"}}, {"model": "predictions.player", "pk": 126, "fields": {"name": "Andre Drummond"}}, {"model": "predictions.player", "pk": 127, "fields": {"name": "Chris Duarte"}}, {"model": "predictions.player", "pk": 128, "fields": {"name": "Kris Dunn"}}, {"model": "predictions.player", "pk": 129, "fields": {"name": "Kevin Durant"}}, {"model": "predictions.player", "pk": 130, "fields": {"name": "Jalen Duren"}}, {"model": "predictions.player", "pk": 131, "fields": {"name": "Tari Eason"}}, {"model": "predictions.player", "pk": 132, "fields": {"name": "Anthony Edwards"}}, {"model": "predictions.player", "pk": 133, "fields": {"name": "Kessler Edwards"}}, {"model": "predictions.player", "pk": 134, "fields": {"name": "Keon Ellis"}}, {"model": "predictions.player", "pk": 135, "fields": {"name": "Joel Embiid"}}, {"model": "predictions.player", "pk": 136, "fields": {"name": "Drew Eubanks"}}, {"model": "predictions.player", "pk": 137, "fields": {"name": "Dante Exum"}}, {"model": "predictions.player", "pk": 138, "fields": {"name": "Bruno Fernando"}}, {"model": "predictions.player", "pk": 139, "fields": {"name": "Dorian Finney-Smith"}}, {"model": "predictions.player", "pk": 140, "fields": {"name": "Malachi Flynn"}}, {"model": "predictions.player", "pk": 141, "fields": {"name": "Simone Fontecchio"}}, {"model": "predictions.player", "pk": 142, "fields": {"name": "Jordan Ford"}}, {"model": "predictions.player", "pk": 143, "fields": {"name": "Trent Forrest"}}, {"model": "predictions.player", "pk": 144, "fields": {"name": "Evan Fournier"}}, {"model": "predictions.player", "pk": 145, "fields": {"name": "De'Aaron Fox"}}, {"model": "predictions.player", "pk": 146, "fields": {"name": "Javon Freeman-Liberty"}}, {"model": "predictions.player", "pk": 147, "fields": {"name": "Alex Fudge"}}, {"model": "predictions.player", "pk": 148, "fields": {"name": "Markelle Fultz"}}, {"model": "predictions.player", "pk": 149, "fields": {"name": "Daniel Gafford"}}, {"model": "predictions.player", "pk": 150, "fields": {"name": "Danilo Gallinari"}}, {"model": "predictions.player", "pk": 151, "fields": {"name": "Darius Garland"}}, {"model": "predictions.player", "pk": 152, "fields": {"name": "Usman Garuba"}}, {"model": "predictions.player", "pk": 153, "fields": {"name": "Luka Garza"}}, {"model": "predictions.player", "pk": 154, "fields": {"name": "Kaiser Gates"}}, {"model": "predictions.player", "pk": 155, "fields": {"name": "Keyonte George"}}, {"model": "predictions.player", "pk": 156, "fields": {"name": "Paul George"}}, {"model": "predictions.player", "pk": 157, "fields": {"name": "Josh Giddey"}}, {"model": "predictions.player", "pk": 158, "fields": {"name": "Harry Giles III"}}, {"model": "predictions.player", "pk": 159, "fields": {"name": "Shai Gilgeous-Alexander"}}, {"model": "predictions.player", "pk": 160, "fields": {"name": "Anthony Gill"}}, {"model": "predictions.player", "pk": 161, "fields": {"name": "Collin Gillespie"}}, {"model": "predictions.player", "pk": 162, "fields": {"name": "Jacob Gilyard"}}, {"model": "predictions.player", "pk": 163, "fields": {"name": "Rudy Gobert"}}, {"model": "predictions.player", "pk": 164, "fields": {"name": "Jordan Goodwin"}}, {"model": "predictions.player", "pk": 165, "fields": {"name": "Aaron Gordon"}}, {"model": "predictions.player", "pk": 166, "fields": {"name": "Eric Gordon"}}, {"model": "predictions.player", "pk": 167, "fields": {"name": "Devonte' Graham"}}, {"model": "predictions.player", "pk": 168, "fields": {"name": "Jerami Grant"}}, {"model": "predictions.player", "pk": 169, "fields": {"name": "AJ Green"}}, {"model": "predictions.player", "pk": 170, "fields": {"name": "Danny Green"}}, {"model": "predictions.player", "pk": 171, "fields": {"name": "Draymond Green"}}, {"model": "predictions.player", "pk": 172, "fields": {"name": "Jalen Green"}}, {"model": "predictions.player", "pk": 173, "fields": {"name": "Jeff Green"}}, {"model": "predictions.player", "pk": 174, "fields": {"name": "Josh Green"}}, {"model": "predictions.player", "pk": 175, "fields": {"name": "AJ Griffin"}}, {"model": "predictions.player", "pk": 176, "fields": {"name": "Quentin Grimes"}}, {"model": "predictions.player", "pk": 177, "fields": {"name": "Mouhamed Gueye"}}, {"model": "predictions.player", "pk": 178, "fields": {"name": "Rui Hachimura"}}, {"model": "predictions.player", "pk": 179, "fields": {"name": "Tyrese Haliburton"}}, {"model": "predictions.player", "pk": 180, "fields": {"name": "R.J. Hampton"}}, {"model": "predictions.player", "pk": 181, "fields": {"name": "Tim Hardaway Jr."}}, {"model": "predictions.player", "pk": 182, "fields": {"name": "James Harden"}}, {"model": "predictions.player", "pk": 183, "fields": {"name": "Jaden Hardy"}}, {"model": "predictions.player", "pk": 184, "fields": {"name": "Ron Harper Jr."}}, {"model": "predictions.player", "pk": 185, "fields": {"name": "Gary Harris"}}, {"model": "predictions.player", "pk": 186, "fields": {"name": "Joe Harris"}}, {"model": "predictions.player", "pk": 187, "fields": {"name": "Kevon Harris"}}, {"model": "predictions.player", "pk": 188, "fields": {"name": "Tobias Harris"}}, {"model": "predictions.player", "pk": 189, "fields": {"name": "Josh Hart"}}, {"model": "predictions.player", "pk": 190, "fields": {"name": "Isaiah Hartenstein"}}, {"model": "predictions.player", "pk": 191, "fields": {"name": "Sam Hauser"}}, {"model": "predictions.player", "pk": 192, "fields": {"name": "Jordan Hawkins"}}, {"model": "predictions.player", "pk": 193, "fields": {"name": "Jaxson Hayes"}}, {"model": "predictions.player", "pk": 194, "fields": {"name": "Killian Hayes"}}, {"model": "predictions.player", "pk": 195, "fields": {"name": "Gordon Hayward"}}, {"model": "predictions.player", "pk": 196, "fields": {"name": "Scoot Henderson"}}, {"model": "predictions.player", "pk": 197, "fields": {"name": "Taylor Hendricks"}}, {"model": "predictions.player", "pk": 198, "fields": {"name": "Tyler Herro"}}, {"model": "predictions.player", "pk": 199, "fields": {"name": "Buddy Hield"}}, {"model": "predictions.player", "pk": 200, "fields": {"name": "Haywood Highsmith"}}, {"model": "predictions.player", "pk": 201, "fields": {"name": "Nate Hinton"}}, {"model": "predictions.player", "pk": 202, "fields": {"name": "D'Moi Hodge"}}, {"model": "predictions.player", "pk": 203, "fields": {"name": "Aaron Holiday"}}, {"model": "predictions.player", "pk": 204, "fields": {"name": "Jrue Holiday"}}, {"model": "predictions.player", "pk": 205, "fields": {"name": "Justin Holiday"}}, {"model": "predictions.player", "pk": 206, "fields": {"name": "Richaun Holmes"}}, {"model": "predictions.player", "pk": 207, "fields": {"name": "Chet Holmgren"}}, {"model": "predictions.player", "pk": 208, "fields": {"name": "Jalen Hood-Schifino"}}, {"model": "predictions.player", "pk": 209, "fields": {"name": "Al Horford"}}, {"model": "predictions.player", "pk": 210, "fields": {"name": "Talen Horton-Tucker"}}, {"model": "predictions.player", "pk": 211, "fields": {"name": "Danuel House Jr."}}, {"model": "predictions.player", "pk": 212, "fields": {"name": "Caleb Houstan"}}, {"model": "predictions.player", "pk": 213, "fields": {"name": "Jett Howard"}}, {"model": "predictions.player", "pk": 214, "fields": {"name": "Kevin Huerter"}}, {"model": "predictions.player", "pk": 215, "fields": {"name": "Jay Huff"}}, {"model": "predictions.player", "pk": 216, "fields": {"name": "De'Andre Hunter"}}, {"model": "predictions.player", "pk": 217, "fields": {"name": "Bones Hyland"}}, {"model": "predictions.player", "pk": 218, "fields": {"name": "Joe Ingles"}}, {"model": "predictions.player", "pk": 219, "fields": {"name": "Brandon Ingram"}}, {"model": "predictions.player", "pk": 220, "fields": {"name": "Kyrie Irving"}}, {"model": "predictions.player", "pk": 221, "fields": {"name": "Jonathan Isaac"}}, {"model": "predictions.player", "pk": 222, "fields": {"name": "Jaden Ivey"}}, {"model": "predictions.player", "pk": 223, "fields": {"name": "GG Jackson"}}, {"model": "predictions.player", "pk": 224, "fields": {"name": "Isaiah Jackson"}}, {"model": "predictions.player", "pk": 225, "fields": {"name": "Reggie Jackson"}}, {"model": "predictions.player", "pk": 226, "fields": {"name": "Andre Jackson Jr."}}, {"model": "predictions.player", "pk": 227, "fields": {"name": "Jaren Jackson Jr."}}, {"model": "predictions.player", "pk": 228, "fields": {"name": "Trayce Jackson-Davis"}}, {"model": "predictions.player", "pk": 229, "fields": {"name": "LeBron James"}}, {"model": "predictions.player", "pk": 230, "fields": {"name": "Jaime Jaquez Jr."}}, {"model": "predictions.player", "pk": 231, "fields": {"name": "DaQuan Jeffries"}}, {"model": "predictions.player", "pk": 232, "fields": {"name": "Ty Jerome"}}, {"model": "predictions.player", "pk": 233, "fields": {"name": "Isaiah Joe"}}, {"model": "predictions.player", "pk": 234, "fields": {"name": "Cameron Johnson"}}, {"model": "predictions.player", "pk": 235, "fields": {"name": "Jalen Johnson"}}, {"model": "predictions.player", "pk": 236, "fields": {"name": "Keldon Johnson"}}, {"model": "predictions.player", "pk": 237, "fields": {"name": "Keon Johnson"}}, {"model": "predictions.player", "pk": 238, "fields": {"name": "Keyontae Johnson"}}, {"model": "predictions.player", "pk": 239, "fields": {"name": "Nikola Jokic"}}, {"model": "predictions.player", "pk": 240, "fields": {"name": "Colby Jones"}}, {"model": "predictions.player", "pk": 241, "fields": {"name": "Damian Jones"}}, {"model": "predictions.player", "pk": 242, "fields": {"name": "Herbert Jones"}}, {"model": "predictions.player", "pk": 243, "fields": {"name": "Tre Jones"}}, {"model": "predictions.player", "pk": 244, "fields": {"name": "Tyus Jones"}}, {"model": "predictions.player", "pk": 245, "fields": {"name": "Derrick Jones Jr."}}, {"model": "predictions.player", "pk": 246, "fields": {"name": "DeAndre Jordan"}}, {"model": "predictions.player", "pk": 247, "fields": {"name": "Cory Joseph"}}, {"model": "predictions.player", "pk": 248, "fields": {"name": "Nikola Jovic"}}, {"model": "predictions.player", "pk": 249, "fields": {"name": "Johnny Juzang"}}, {"model": "predictions.player", "pk": 250, "fields": {"name": "Luke Kennard"}}, {"model": "predictions.player", "pk": 251, "fields": {"name": "Walker Kessler"}}, {"model": "predictions.player", "pk": 252, "fields": {"name": "Braxton Key"}}, {"model": "predictions.player", "pk": 253, "fields": {"name": "Corey Kispert"}}, {"model": "predictions.player", "pk": 254, "fields": {"name": "Maxi Kleber"}}, {"model": "predictions.player", "pk": 255, "fields": {"name": "Nathan Knight"}}, {"model": "predictions.player", "pk": 256, "fields": {"name": "Kevin Knox II"}}, {"model": "predictions.player", "pk": 257, "fields": {"name": "Christian Koloko"}}, {"model": "predictions.player", "pk": 258, "fields": {"name": "John Konchar"}}, {"model": "predictions.player", "pk": 259, "fields": {"name": "Furkan Korkmaz"}}, {"model": "predictions.player", "pk": 260, "fields": {"name": "Luke Kornet"}}, {"model": "predictions.player", "pk": 261, "fields": {"name": "Jonathan Kuminga"}}, {"model": "predictions.player", "pk": 262, "fields": {"name": "Kyle Kuzma"}}, {"model": "predictions.player", "pk": 263, "fields": {"name": "Jake LaRavia"}}, {"model": "predictions.player", "pk": 264, "fields": {"name": "Zach LaVine"}}, {"model": "predictions.player", "pk": 265, "fields": {"name": "Jock Landale"}}, {"model": "predictions.player", "pk": 266, "fields": {"name": "A.J. Lawson"}}, {"model": "predictions.player", "pk": 267, "fields": {"name": "Caris LeVert"}}, {"model": "predictions.player", "pk": 268, "fields": {"name": "Damion Lee"}}, {"model": "predictions.player", "pk": 269, "fields": {"name": "Saben Lee"}}, {"model": "predictions.player", "pk": 270, "fields": {"name": "Alex Len"}}, {"model": "predictions.player", "pk": 271, "fields": {"name": "Kawhi Leonard"}}, {"model": "predictions.player", "pk": 272, "fields": {"name": "Justin Lewis"}}, {"model": "predictions.player", "pk": 273, "fields": {"name": "Maxwell Lewis"}}, {"model": "predictions.player", "pk": 274, "fields": {"name": "Kira Lewis Jr."}}, {"model": "predictions.player", "pk": 275, "fields": {"name": "E.J. Liddell"}}, {"model": "predictions.player", "pk": 276, "fields": {"name": "Damian Lillard"}}, {"model": "predictions.player", "pk": 277, "fields": {"name": "Nassir Little"}}, {"model": "predictions.player", "pk": 278, "fields": {"name": "Dereck Lively II"}}, {"model": "predictions.player", "pk": 279, "fields": {"name": "Isaiah Livers"}}, {"model": "predictions.player", "pk": 280, "fields": {"name": "Chris Livingston"}}, {"model": "predictions.player", "pk": 281, "fields": {"name": "Kenneth Lofton Jr."}}, {"model": "predictions.player", "pk": 282, "fields": {"name": "Kevon Looney"}}, {"model": "predictions.player", "pk": 283, "fields": {"name": "Brook Lopez"}}, {"model": "predictions.player", "pk": 284, "fields": {"name": "Robin Lopez"}}, {"model": "predictions.player", "pk": 285, "fields": {"name": "Kevin Love"}}, {"model": "predictions.player", "pk": 286, "fields": {"name": "Kyle Lowry"}}, {"model": "predictions.player", "pk": 287, "fields": {"name": "Seth Lundy"}}, {"model": "predictions.player", "pk": 288, "fields": {"name": "Trey Lyles"}}, {"model": "predictions.player", "pk": 289, "fields": {"name": "Theo Maledon"}}, {"model": "predictions.player", "pk": 290, "fields": {"name": "Sandro Mamukelashvili"}}, {"model": "predictions.player", "pk": 291, "fields": {"name": "Terance Mann"}}, {"model": "predictions.player", "pk": 292, "fields": {"name": "Tre Mann"}}, {"model": "predictions.player", "pk": 293, "fields": {"name": "Boban Marjanovic"}}, {"model": "predictions.player", "pk": 294, "fields": {"name": "Lauri Markkanen"}}, {"model": "predictions.player", "pk": 295, "fields": {"name": "Naji Marshall"}}, {"model": "predictions.player", "pk": 296, "fields": {"name": "Caleb Martin"}}, {"model": "predictions.player", "pk": 297, "fields": {"name": "Cody Martin"}}, {"model": "predictions.player", "pk": 298, "fields": {"name": "KJ Martin"}}, {"model": "predictions.player", "pk": 299, "fields": {"name": "Garrison Mathews"}}, {"model": "predictions.player", "pk": 300, "fields": {"name": "Bennedict Mathurin"}}, {"model": "predictions.player", "pk": 301, "fields": {"name": "Wesley Matthews"}}, {"model": "predictions.player", "pk": 302, "fields": {"name": "Tyrese Maxey"}}, {"model": "predictions.player", "pk": 303, "fields": {"name": "Skylar Mays"}}, {"model": "predictions.player", "pk": 304, "fields": {"name": "Miles McBride"}}, {"model": "predictions.player", "pk": 305, "fields": {"name": "CJ McCollum"}}, {"model": "predictions.player", "pk": 306, "fields": {"name": "T.J. McConnell"}}, {"model": "predictions.player", "pk": 307, "fields": {"name": "Jaden McDaniels"}}, {"model": "predictions.player", "pk": 308, "fields": {"name": "Jalen McDaniels"}}, {"model": "predictions.player", "pk": 309, "fields": {"name": "Doug McDermott"}}, {"model": "predictions.player", "pk": 310, "fields": {"name": "JaVale McGee"}}, {"model": "predictions.player", "pk": 311, "fields": {"name": "Bryce McGowens"}}, {"model": "predictions.player", "pk": 312, "fields": {"name": "Jordan McLaughlin"}}, {"model": "predictions.player", "pk": 313, "fields": {"name": "De'Anthony Melton"}}, {"model": "predictions.player", "pk": 314, "fields": {"name": "Sam Merrill"}}, {"model": "predictions.player", "pk": 315, "fields": {"name": "Chimezie Metu"}}, {"model": "predictions.player", "pk": 316, "fields": {"name": "Vasilije Micic"}}, {"model": "predictions.player", "pk": 317, "fields": {"name": "Khris Middleton"}}, {"model": "predictions.player", "pk": 318, "fields": {"name": "Brandon Miller"}}, {"model": "predictions.player", "pk": 319, "fields": {"name": "Jordan Miller"}}, {"model": "predictions.player", "pk": 320, "fields": {"name": "Leonard Miller"}}, {"model": "predictions.player", "pk": 321, "fields": {"name": "Patty Mills"}}, {"model": "predictions.player", "pk": 322, "fields": {"name": "Shake Milton"}}, {"model": "predictions.player", "pk": 323, "fields": {"name": "Justin Minaya"}}, {"model": "predictions.player", "pk": 324, "fields": {"name": "Josh Minott"}}, {"model": "predictions.player", "pk": 325, "fields": {"name": "Davion Mitchell"}}, {"model": "predictions.player", "pk": 326, "fields": {"name": "Donovan Mitchell"}}, {"model": "predictions.player", "pk": 327, "fields": {"name": "Evan Mobley"}}, {"model": "predictions.player", "pk": 328, "fields": {"name": "Isaiah Mobley"}}, {"model": "predictions.player", "pk": 329, "fields": {"name": "Malik Monk"}}, {"model": "predictions.player", "pk": 330, "fields": {"name": "Moses Moody"}}, {"model": "predictions.player", "pk": 331, "fields": {"name": "Wendell Moore Jr."}}, {"model": "predictions.player", "pk": 332, "fields": {"name": "Ja Morant"}}, {"model": "predictions.player", "pk": 333, "fields": {"name": "Markieff Morris"}}, {"model": "predictions.player", "pk": 334, "fields": {"name": "Monte Morris"}}, {"model": "predictions.player", "pk": 335, "fields": {"name": "Marcus Morris Sr."}}, {"model": "predictions.player", "pk": 336, "fields": {"name": "Trey Murphy III"}}, {"model": "predictions.player", "pk": 337, "fields": {"name": "Dejounte Murray"}}, {"model": "predictions.player", "pk": 338, "fields": {"name": "Jamal Murray"}}, {"model": "predictions.player", "pk": 339, "fields": {"name": "Keegan Murray"}}, {"model": "predictions.player", "pk": 340, "fields": {"name": "Kris Murray"}}, {"model": "predictions.player", "pk": 341, "fields": {"name": "Mike Muscala"}}, {"model": "predictions.player", "pk": 342, "fields": {"name": "Svi Mykhailiuk"}}, {"model": "predictions.player", "pk": 343, "fields": {"name": "Larry Nance Jr."}}, {"model": "predictions.player", "pk": 344, "fields": {"name": "Andrew Nembhard"}}, {"model": "predictions.player", "pk": 345, "fields": {"name": "Aaron Nesmith"}}, {"model": "predictions.player", "pk": 346, "fields": {"name": "Georges Niang"}}, {"model": "predictions.player", "pk": 347, "fields": {"name": "Daishen Nix"}}, {"model": "predictions.player", "pk": 348, "fields": {"name": "Zeke Nnaji"}}, {"model": "predictions.player", "pk": 349, "fields": {"name": "Miles Norris"}}, {"model": "predictions.player", "pk": 350, "fields": {"name": "Markquis Nowell"}}, {"model": "predictions.player", "pk": 351, "fields": {"name": "Frank Ntilikina"}}, {"model": "predictions.player", "pk": 352, "fields": {"name": "Jusuf Nurkic"}}, {"model": "predictions.player", "pk": 353, "fields": {"name": "Jordan Nwora"}}, {"model": "predictions.player", "pk": 354, "fields": {"name": "Royce O'Neale"}}, {"model": "predictions.player", "pk": 355, "fields": {"name": "Chuma Okeke"}}, {"model": "predictions.player", "pk": 356, "fields": {"name": "Josh Okogie"}}, {"model": "predictions.player", "pk": 357, "fields": {"name": "Onyeka Okongwu"}}, {"model": "predictions.player", "pk": 358, "fields": {"name": "Isaac Okoro"}}, {"model": "predictions.player", "pk": 359, "fields": {"name": "Victor Oladipo"}}, {"model": "predictions.player", "pk": 360, "fields": {"name": "Kelly Olynyk"}}, {"model": "predictions.player", "pk": 361, "fields": {"name": "Eugene Omoruyi"}}, {"model": "predictions.player", "pk": 362, "fields": {"name": "Cedi Osman"}}, {"model": "predictions.player", "pk": 363, "fields": {"name": "Kelly Oubre Jr."}}, {"model": "predictions.player", "pk": 364, "fields": {"name": "Chris Paul"}}, {"model": "predictions.player", "pk": 365, "fields": {"name": "Cameron Payne"}}, {"model": "predictions.player", "pk": 366, "fields": {"name": "Gary Payton II"}}, {"model": "predictions.player", "pk": 367, "fields": {"name": "Filip Petrusev"}}, {"model": "predictions.player", "pk": 368, "fields": {"name": "Julian Phillips"}}, {"model": "predictions.player", "pk": 369, "fields": {"name": "Jalen Pickett"}}, {"model": "predictions.player", "pk": 370, "fields": {"name": "Mason Plumlee"}}, {"model": "predictions.player", "pk": 371, "fields": {"name": "Brandin Podziemski"}}, {"model": "predictions.player", "pk": 372, "fields": {"name": "Jakob Poeltl"}}, {"model": "predictions.player", "pk": 373, "fields": {"name": "Aleksej Pokusevski"}}, {"model": "predictions.player", "pk": 374, "fields": {"name": "Jordan Poole"}}, {"model": "predictions.player", "pk": 375, "fields": {"name": "Craig Porter"}}, {"model": "predictions.player", "pk": 376, "fields": {"name": "Michael Porter Jr."}}, {"model": "predictions.player", "pk": 377, "fields": {"name": "Otto Porter Jr."}}, {"model": "predictions.player", "pk": 378, "fields": {"name": "Bobby Portis"}}, {"model": "predictions.player", "pk": 379, "fields": {"name": "Kristaps Porzingis"}}, {"model": "predictions.player", "pk": 380, "fields": {"name": "Micah Potter"}}, {"model": "predictions.player", "pk": 381, "fields": {"name": "Dwight Powell"}}, {"model": "predictions.player", "pk": 382, "fields": {"name": "Norman Powell"}}, {"model": "predictions.player", "pk": 383, "fields": {"name": "Joshua Primo"}}, {"model": "predictions.player", "pk": 384, "fields": {"name": "Taurean Prince"}}, {"model": "predictions.player", "pk": 385, "fields": {"name": "Payton Pritchard"}}, {"model": "predictions.player", "pk": 386, "fields": {"name": "Olivier-Maxence Prosper"}}, {"model": "predictions.player", "pk": 387, "fields": {"name": "Trevelin Queen"}}, {"model": "predictions.player", "pk": 388, "fields": {"name": "Neemias Queta"}}, {"model": "predictions.player", "pk": 389, "fields": {"name": "Immanuel Quickley"}}, {"model": "predictions.player", "pk": 390, "fields": {"name": "Lester Quinones"}}, {"model": "predictions.player", "pk": 391, "fields": {"name": "Julius Randle"}}, {"model": "predictions.player", "pk": 392, "fields": {"name": "Duop Reath"}}, {"model": "predictions.player", "pk": 393, "fields": {"name": "Austin Reaves"}}, {"model": "predictions.player", "pk": 394, "fields": {"name": "Cam Reddish"}}, {"model": "predictions.player", "pk": 395, "fields": {"name": "Paul Reed"}}, {"model": "predictions.player", "pk": 396, "fields": {"name": "Naz Reid"}}, {"model": "predictions.player", "pk": 397, "fields": {"name": "Jared Rhoden"}}, {"model": "predictions.player", "pk": 398, "fields": {"name": "Sir'Jabari Rice"}}, {"model": "predictions.player", "pk": 399, "fields": {"name": "Nick Richards"}}, {"model": "predictions.player", "pk": 400, "fields": {"name": "Josh Richardson"}}, {"model": "predictions.player", "pk": 401, "fields": {"name": "Duncan Robinson"}}, {"model": "predictions.player", "pk": 402, "fields": {"name": "Jerome Robinson"}}, {"model": "predictions.player", "pk": 403, "fields": {"name": "Mitchell Robinson"}}, {"model": "predictions.player", "pk": 404, "fields": {"name": "Orlando Robinson"}}, {"model": "predictions.player", "pk": 405, "fields": {"name": "Jeremiah Robinson-Earl"}}, {"model": "predictions.player", "pk": 406, "fields": {"name": "David Roddy"}}, {"model": "predictions.player", "pk": 407, "fields": {"name": "Ryan Rollins"}}, {"model": "predictions.player", "pk": 408, "fields": {"name": "Derrick Rose"}}, {"model": "predictions.player", "pk": 409, "fields": {"name": "Terry Rozier"}}, {"model": "predictions.player", "pk": 410, "fields": {"name": "Ricky Rubio"}}, {"model": "predictions.player", "pk": 411, "fields": {"name": "Rayan Rupert"}}, {"model": "predictions.player", "pk": 412, "fields": {"name": "D'Angelo Russell"}}, {"model": "predictions.player", "pk": 413, "fields": {"name": "Matt Ryan"}}, {"model": "predictions.player", "pk": 414, "fields": {"name": "Domantas Sabonis"}}, {"model": "predictions.player", "pk": 415, "fields": {"name": "Luka Samanic"}}, {"model": "predictions.player", "pk": 416, "fields": {"name": "Jermaine Samuels Jr."}}, {"model": "predictions.player", "pk": 417, "fields": {"name": "Adama Sanogo"}}, {"model": "predictions.player", "pk": 418, "fields": {"name": "Gui Santos"}}, {"model": "predictions.player", "pk": 419, "fields": {"name": "Dario Saric"}}, {"model": "predictions.player", "pk": 420, "fields": {"name": "Olivier Sarr"}}, {"model": "predictions.player", "pk": 421, "fields": {"name": "Marcus Sasser"}}, {"model": "predictions.player", "pk": 422, "fields": {"name": "Admiral Schofield"}}, {"model": "predictions.player", "pk": 423, "fields": {"name": "Dennis Schroder"}}, {"model": "predictions.player", "pk": 424, "fields": {"name": "Dereon Seabron"}}, {"model": "predictions.player", "pk": 425, "fields": {"name": "Alperen Sengun"}}, {"model": "predictions.player", "pk": 426, "fields": {"name": "Brice Sensabaugh"}}, {"model": "predictions.player", "pk": 427, "fields": {"name": "Collin Sexton"}}, {"model": "predictions.player", "pk": 428, "fields": {"name": "Landry Shamet"}}, {"model": "predictions.player", "pk": 429, "fields": {"name": "Day'Ron Sharpe"}}, {"model": "predictions.player", "pk": 430, "fields": {"name": "Shaedon Sharpe"}}, {"model": "predictions.player", "pk": 431, "fields": {"name": "Ben Sheppard"}}, {"model": "predictions.player", "pk": 432, "fields": {"name": "Pascal Siakam"}}, {"model": "predictions.player", "pk": 433, "fields": {"name": "Ben Simmons"}}, {"model": "predictions.player", "pk": 434, "fields": {"name": "Anfernee Simons"}}, {"model": "predictions.player", "pk": 435, "fields": {"name": "Jericho Sims"}}, {"model": "predictions.player", "pk": 436, "fields": {"name": "Jalen Slawson"}}, {"model": "predictions.player", "pk": 437, "fields": {"name": "Javonte Smart"}}, {"model": "predictions.player", "pk": 438, "fields": {"name": "Marcus Smart"}}, {"model": "predictions.player", "pk": 439, "fields": {"name": "Dru Smith"}}, {"model": "predictions.player", "pk": 440, "fields": {"name": "Ish Smith"}}, {"model": "predictions.player", "pk": 441, "fields": {"name": "Jalen Smith"}}, {"model": "predictions.player", "pk": 442, "fields": {"name": "Terquavion Smith"}}, {"model": "predictions.player", "pk": 443, "fields": {"name": "Dennis Smith Jr."}}, {"model": "predictions.player", "pk": 444, "fields": {"name": "Jabari Smith Jr."}}, {"model": "predictions.player", "pk": 445, "fields": {"name": "Nick Smith Jr."}}, {"model": "predictions.player", "pk": 446, "fields": {"name": "Jeremy Sochan"}}, {"model": "predictions.player", "pk": 447, "fields": {"name": "Jaden Springer"}}, {"model": "predictions.player", "pk": 448, "fields": {"name": "Lamar Stevens"}}, {"model": "predictions.player", "pk": 449, "fields": {"name": "Isaiah Stewart"}}, {"model": "predictions.player", "pk": 450, "fields": {"name": "Julian Strawther"}}, {"model": "predictions.player", "pk": 451, "fields": {"name": "Max Strus"}}, {"model": "predictions.player", "pk": 452, "fields": {"name": "Jalen Suggs"}}, {"model": "predictions.player", "pk": 453, "fields": {"name": "Cole Swider"}}, {"model": "predictions.player", "pk": 454, "fields": {"name": "Jae'Sean Tate"}}, {"model": "predictions.player", "pk": 455, "fields": {"name": "Jayson Tatum"}}, {"model": "predictions.player", "pk": 456, "fields": {"name": "Terry Taylor"}}, {"model": "predictions.player", "pk": 457, "fields": {"name": "Garrett Temple"}}, {"model": "predictions.player", "pk": 458, "fields": {"name": "Dalen Terry"}}, {"model": "predictions.player", "pk": 459, "fields": {"name": "Daniel Theis"}}, {"model": "predictions.player", "pk": 460, "fields": {"name": "Cam Thomas"}}, {"model": "predictions.player", "pk": 461, "fields": {"name": "Amen Thompson"}}, {"model": "predictions.player", "pk": 462, "fields": {"name": "Ausar Thompson"}}, {"model": "predictions.player", "pk": 463, "fields": {"name": "Klay Thompson"}}, {"model": "predictions.player", "pk": 464, "fields": {"name": "Tristan Thompson"}}, {"model": "predictions.player", "pk": 465, "fields": {"name": "JT Thor"}}, {"model": "predictions.player", "pk": 466, "fields": {"name": "Matisse Thybulle"}}, {"model": "predictions.player", "pk": 467, "fields": {"name": "Xavier Tillman"}}, {"model": "predictions.player", "pk": 468, "fields": {"name": "Jacob Toppin"}}, {"model": "predictions.player", "pk": 469, "fields": {"name": "Obi Toppin"}}, {"model": "predictions.player", "pk": 470, "fields": {"name": "Karl-Anthony Towns"}}, {"model": "predictions.player", "pk": 471, "fields": {"name": "Gary Trent Jr."}}, {"model": "predictions.player", "pk": 472, "fields": {"name": "Oscar Tshiebwe"}}, {"model": "predictions.player", "pk": 473, "fields": {"name": "P.J. Tucker"}}, {"model": "predictions.player", "pk": 474, "fields": {"name": "Myles Turner"}}, {"model": "predictions.player", "pk": 475, "fields": {"name": "Hunter Tyson"}}, {"model": "predictions.player", "pk": 476, "fields": {"name": "Stanley Umude"}}, {"model": "predictions.player", "pk": 477, "fields": {"name": "Jonas Valanciunas"}}, {"model": "predictions.player", "pk": 478, "fields": {"name": "Fred VanVleet"}}, {"model": "predictions.player", "pk": 479, "fields": {"name": "Jarred Vanderbilt"}}, {"model": "predictions.player", "pk": 480, "fields": {"name": "Devin Vassell"}}, {"model": "predictions.player", "pk": 481, "fields": {"name": "Sasha Vezenkov"}}, {"model": "predictions.player", "pk": 482, "fields": {"name": "Gabe Vincent"}}, {"model": "predictions.player", "pk": 483, "fields": {"name": "Nikola Vucevic"}}, {"model": "predictions.player", "pk": 484, "fields": {"name": "Dean Wade"}}, {"model": "predictions.player", "pk": 485, "fields": {"name": "Franz Wagner"}}, {"model": "predictions.player", "pk": 486, "fields": {"name": "Moritz Wagner"}}, {"model": "predictions.player", "pk": 487, "fields": {"name": "Ish Wainright"}}, {"model": "predictions.player", "pk": 488, "fields": {"name": "Jabari Walker"}}, {"model": "predictions.player", "pk": 489, "fields": {"name": "Jarace Walker"}}, {"model": "predictions.player", "pk": 490, "fields": {"name": "Lonnie Walker IV"}}, {"model": "predictions.player", "pk": 491, "fields": {"name": "Cason Wallace"}}, {"model": "predictions.player", "pk": 492, "fields": {"name": "Jordan Walsh"}}, {"model": "predictions.player", "pk": 493, "fields": {"name": "P.J. Washington"}}, {"model": "predictions.player", "pk": 494, "fields": {"name": "Duane Washington Jr."}}, {"model": "predictions.player", "pk": 495, "fields": {"name": "TyTy Washington Jr."}}, {"model": "predictions.player", "pk": 496, "fields": {"name": "Yuta Watanabe"}}, {"model": "predictions.player", "pk": 497, "fields": {"name": "Lindy Waters III"}}, {"model": "predictions.player", "pk": 498, "fields": {"name": "Trendon Watford"}}, {"model": "predictions.player", "pk": 499, "fields": {"name": "Peyton Watson"}}, {"model": "predictions.player", "pk": 500, "fields": {"name": "Victor Wembanyama"}}, {"model": "predictions.player", "pk": 501, "fields": {"name": "Blake Wesley"}}, {"model": "predictions.player", "pk": 502, "fields": {"name": "Russell Westbrook"}}, {"model": "predictions.player", "pk": 503, "fields": {"name": "Coby White"}}, {"model": "predictions.player", "pk": 504, "fields": {"name": "Derrick White"}}, {"model": "predictions.player", "pk": 505, "fields": {"name": "Dariq Whitehead"}}, {"model": "predictions.player", "pk": 506, "fields": {"name": "Cam Whitmore"}}, {"model": "predictions.player", "pk": 507, "fields": {"name": "Aaron Wiggins"}}, {"model": "predictions.player", "pk": 508, "fields": {"name": "Andrew Wiggins"}}, {"model": "predictions.player", "pk": 509, "fields": {"name": "Lindell Wigginton"}}, {"model": "predictions.player", "pk": 510, "fields": {"name": "Grant Williams"}}, {"model": "predictions.player", "pk": 511, "fields": {"name": "Jalen Williams"}}, {"model": "predictions.player", "pk": 512, "fields": {"name": "Jaylin Williams"}}, {"model": "predictions.player", "pk": 513, "fields": {"name": "Kenrich Williams"}}, {"model": "predictions.player", "pk": 514, "fields": {"name": "Mark Williams"}}, {"model": "predictions.player", "pk": 515, "fields": {"name": "Nate Williams"}}, {"model": "predictions.player", "pk": 516, "fields": {"name": "Patrick Williams"}}, {"model": "predictions.player", "pk": 517, "fields": {"name": "Ziaire Williams"}}, {"model": "predictions.player", "pk": 518, "fields": {"name": "Robert Williams III"}}, {"model": "predictions.player", "pk": 519, "fields": {"name": "Vince Williams Jr."}}, {"model": "predictions.player", "pk": 520, "fields": {"name": "Zion Williamson"}}, {"model": "predictions.player", "pk": 521, "fields": {"name": "Jalen Wilson"}}, {"model": "predictions.player", "pk": 522, "fields": {"name": "Dylan Windler"}}, {"model": "predictions.player", "pk": 523, "fields": {"name": "James Wiseman"}}, {"model": "predictions.player", "pk": 524, "fields": {"name": "Isaiah Wong"}}, {"model": "predictions.player", "pk": 525, "fields": {"name": "Christian Wood"}}, {"model": "predictions.player", "pk": 526, "fields": {"name": "Delon Wright"}}, {"model": "predictions.player", "pk": 527, "fields": {"name": "Thaddeus Young"}}, {"model": "predictions.player", "pk": 528, "fields": {"name": "Trae Young"}}, {"model": "predictions.player", "pk": 529, "fields": {"name": "Omer Yurtseven"}}, {"model": "predictions.player", "pk": 530, "fields": {"name": "Cody Zeller"}}, {"model": "predictions.player", "pk": 531, "fields": {"name": "Ivica Zubac"}}, {"model": "predictions.player", "pk": 532, "fields": {"name": "Lebron James Jr"}}, {"model": "predictions.standingprediction", "pk": 32, "fields": {"user": 1, "season": 3, "team": 1, "points": 0, "predicted_position": 1}}, {"model": "predictions.standingprediction", "pk": 33, "fields": {"user": 1, "season": 3, "team": 58, "points": 0, "predicted_position": 3}}, {"model": "predictions.standingprediction", "pk": 34, "fields": {"user": 1, "season": 3, "team": 60, "points": 0, "predicted_position": 4}}, {"model": "predictions.standingprediction", "pk": 35, "fields": {"user": 1, "season": 3, "team": 62, "points": 0, "predicted_position": 5}}, {"model": "predictions.standingprediction", "pk": 36, "fields": {"user": 1, "season": 3, "team": 64, "points": 0, "predicted_position": 2}}, {"model": "predictions.standingprediction", "pk": 37, "fields": {"user": 1, "season": 3, "team": 67, "points": 0, "predicted_position": 8}}, {"model": "predictions.standingprediction", "pk": 38, "fields": {"user": 1, "season": 3, "team": 66, "points": 0, "predicted_position": 6}}, {"model": "predictions.standingprediction", "pk": 39, "fields": {"user": 1, "season": 3, "team": 69, "points": 0, "predicted_position": 7}}, {"model": "predictions.standingprediction", "pk": 40, "fields": {"user": 1, "season": 3, "team": 71, "points": 0, "predicted_position": 9}}, {"model": "predictions.standingprediction", "pk": 41, "fields": {"user": 1, "season": 3, "team": 73, "points": 0, "predicted_position": 10}}, {"model": "predictions.standingprediction", "pk": 42, "fields": {"user": 1, "season": 3, "team": 76, "points": 0, "predicted_position": 11}}, {"model": "predictions.standingprediction", "pk": 43, "fields": {"user": 1, "season": 3, "team": 77, "points": 0, "predicted_position": 12}}, {"model": "predictions.standingprediction", "pk": 44, "fields": {"user": 1, "season": 3, "team": 80, "points": 0, "predicted_position": 13}}, {"model": "predictions.standingprediction", "pk": 45, "fields": {"user": 1, "season": 3, "team": 82, "points": 0, "predicted_position": 14}}, {"model": "predictions.standingprediction", "pk": 46, "fields": {"user": 1, "season": 3, "team": 84, "points": 0, "predicted_position": 15}}, {"model": "predictions.standingprediction", "pk": 47, "fields": {"user": 1, "season": 3, "team": 59, "points": 0, "predicted_position": 3}}, {"model": "predictions.standingprediction", "pk": 48, "fields": {"user": 1, "season": 3, "team": 3, "points": 0, "predicted_position": 1}}, {"model": "predictions.standingprediction", "pk": 49, "fields": {"user": 1, "season": 3, "team": 2, "points": 0, "predicted_position": 2}}, {"model": "predictions.standingprediction", "pk": 50, "fields": {"user": 1, "season": 3, "team": 61, "points": 0, "predicted_position": 4}}, {"model": "predictions.standingprediction", "pk": 51, "fields": {"user": 1, "season": 3, "team": 63, "points": 0, "predicted_position": 5}}, {"model": "predictions.standingprediction", "pk": 52, "fields": {"user": 1, "season": 3, "team": 70, "points": 0, "predicted_position": 6}}, {"model": "predictions.standingprediction", "pk": 53, "fields": {"user": 1, "season": 3, "team": 65, "points": 0, "predicted_position": 7}}, {"model": "predictions.standingprediction", "pk": 54, "fields": {"user": 1, "season": 3, "team": 68, "points": 0, "predicted_position": 9}}, {"model": "predictions.standingprediction", "pk": 55, "fields": {"user": 1, "season": 3, "team": 79, "points": 0, "predicted_position": 13}}, {"model": "predictions.standingprediction", "pk": 56, "fields": {"user": 1, "season": 3, "team": 72, "points": 0, "predicted_position": 8}}, {"model": "predictions.standingprediction", "pk": 57, "fields": {"user": 1, "season": 3, "team": 74, "points": 0, "predicted_position": 10}}, {"model": "predictions.standingprediction", "pk": 58, "fields": {"user": 1, "season": 3, "team": 75, "points": 0, "predicted_position": 11}}, {"model": "predictions.standingprediction", "pk": 59, "fields": {"user": 1, "season": 3, "team": 78, "points": 0, "predicted_position": 12}}, {"model": "predictions.standingprediction", "pk": 60, "fields": {"user": 1, "season": 3, "team": 81, "points": 0, "predicted_position": 15}}, {"model": "predictions.standingprediction", "pk": 61, "fields": {"user": 1, "season": 3, "team": 83, "points": 0, "predicted_position": 14}}, {"model": "predictions.standingprediction", "pk": 62, "fields": {"user": 1, "season": 1, "team": 1, "points": 3, "predicted_position": 1}}, {"model": "predictions.standingprediction", "pk": 63, "fields": {"user": 1, "season": 1, "team": 2, "points": 1, "predicted_position": 1}}, {"model": "predictions.standingprediction", "pk": 64, "fields": {"user": 1, "season": 1, "team": 58, "points": 1, "predicted_position": 2}}, {"model": "predictions.playoffprediction", "pk": 1, "fields": {"user": 1, "season": 1, "team": 2, "points": 0, "wins": 3, "losses": 4, "round": 4}}, {"model": "predictions.playoffprediction", "pk": 2, "fields": {"user": 1, "season": 1, "team": 58, "points": 0, "wins": 4, "losses": 3, "round": 4}}, {"model": "predictions.award", "pk": 1, "fields": {"name": "Rookie of the Year"}}, {"model": "predictions.award", "pk": 2, "fields": {"name": "Finals MVP"}}, {"model": "predictions.award", "pk": 3, "fields": {"name": "Most Valuable Player"}}, {"model": "predictions.award", "pk": 4, "fields": {"name": "Defensive Player of the Year"}}, {"model": "predictions.award", "pk": 5, "fields": {"name": "Scoring Leader"}}, {"model": "predictions.award", "pk": 6, "fields": {"name": "Clutch Player of the Year"}}, {"model": "predictions.award", "pk": 7, "fields": {"name": "Most Improved Player"}}, {"model": "predictions.award", "pk": 8, "fields": {"name": "Sixth Man of the Year"}}, {"model": "predictions.question", "pk": 4, "fields": {"polymorphic_ctype": 23, "season": 3, "text": "Who will be awarded Rookie of the Year?", "point_value": 1.0, "correct_answer": null, "is_manual": false, "last_updated": "2024-10-16T23:06:01.937Z"}}, {"model": "predictions.question", "pk": 5, "fields": {"polymorphic_ctype": 23, "season": 3, "text": "Who will be awarded Finals MVP?", "point_value": 1.0, "correct_answer": null, "is_manual": false, "last_updated": "2024-10-16T23:05:49.277Z"}}, {"model": "predictions.question", "pk": 6, "fields": {"polymorphic_ctype": 23, "season": 3, "text": "Who will be awarded Defensive Player of the Year?", "point_value": 1.0, "correct_answer": null, "is_manual": false, "last_updated": "2024-10-16T23:05:57.436Z"}}, {"model": "predictions.question", "pk": 7, "fields": {"polymorphic_ctype": 23, "season": 3, "text": "Who will be awarded Most Improved Player?", "point_value": 1.0, "correct_answer": null, "is_manual": false, "last_updated": "2024-10-16T23:05:12.251Z"}}, {"model": "predictions.question", "pk": 8, "fields": {"polymorphic_ctype": 23, "season": 3, "text": "Who will be awarded Clutch Player of the Year?", "point_value": 1.0, "correct_answer": null, "is_manual": false, "last_updated": "2024-10-16T23:05:35.217Z"}}, {"model": "predictions.question", "pk": 9, "fields": {"polymorphic_ctype": 24, "season": 3, "text": "Will Taylor Swift and Travis Kelce get engaged before the end of the NBA Finals?", "point_value": 0.5, "correct_answer": null, "is_manual": true, "last_updated": "2024-10-17T02:11:14.092Z"}}, {"model": "predictions.question", "pk": 10, "fields": {"polymorphic_ctype": 23, "season": 3, "text": "Who will be the Scoring Leader (PPG)?", "point_value": 1.0, "correct_answer": null, "is_manual": false, "last_updated": "2024-10-18T17:57:20.909Z"}}, {"model": "predictions.question", "pk": 11, "fields": {"polymorphic_ctype": 23, "season": 3, "text": "Who will be awarded Sixth Man of The Year?", "point_value": 1.0, "correct_answer": null, "is_manual": false, "last_updated": "2024-10-18T17:57:45.703Z"}}, {"model": "predictions.question", "pk": 12, "fields": {"polymorphic_ctype": 23, "season": 3, "text": "Who will be awarded Most Valuable Player?", "point_value": 1.0, "correct_answer": null, "is_manual": false, "last_updated": "2024-10-18T17:58:15.990Z"}}, {"model": "predictions.question", "pk": 13, "fields": {"polymorphic_ctype": 24, "season": 3, "text": "Will Christopher Emmanuel Paul remain with the San Antonio Spurs until the end of the regular season?", "point_value": 0.5, "correct_answer": null, "is_manual": false, "last_updated": "2024-10-18T19:08:15.075Z"}}, {"model": "predictions.question", "pk": 14, "fields": {"polymorphic_ctype": 24, "season": 3, "text": "Will the Kansas City Chiefs appear in the Super Bowl?", "point_value": 1.0, "correct_answer": null, "is_manual": false, "last_updated": "2024-10-18T20:03:26.245Z"}}, {"model": "predictions.question", "pk": 15, "fields": {"polymorphic_ctype": 24, "season": 3, "text": "Joel Embiid and Paul George combined games played", "point_value": 0.5, "correct_answer": null, "is_manual": false, "last_updated": "2024-10-18T21:57:11.473Z"}}, {"model": "predictions.question", "pk": 16, "fields": {"polymorphic_ctype": 27, "season": 3, "text": "Opening night Game 1 winner", "point_value": 0.5, "correct_answer": null, "is_manual": false, "last_updated": "2024-10-18T22:04:23.373Z"}}, {"model": "predictions.question", "pk": 17, "fields": {"polymorphic_ctype": 27, "season": 3, "text": "Opening night Game 2 winner", "point_value": 0.5, "correct_answer": null, "is_manual": false, "last_updated": "2024-10-18T22:04:39.966Z"}}, {"model": "predictions.question", "pk": 18, "fields": {"polymorphic_ctype": 27, "season": 3, "text": "Trade Watch:\r\nWho will win the most regular season games", "point_value": 0.5, "correct_answer": null, "is_manual": false, "last_updated": "2024-10-19T14:54:27.386Z"}}, {"model": "predictions.question", "pk": 19, "fields": {"polymorphic_ctype": 24, "season": 3, "text": "Zach Edey will posterize Victor Wembanyama at least once during the entire NBA Season", "point_value": 0.5, "correct_answer": null, "is_manual": true, "last_updated": "2024-10-19T15:04:04.508Z"}}, {"model": "predictions.question", "pk": 20, "fields": {"polymorphic_ctype": 24, "season": 3, "text": "NBA Games Played (minimum 5 minutes)", "point_value": 0.5, "correct_answer": null, "is_manual": true, "last_updated": "2024-10-20T01:41:29.467Z"}}, {"model": "predictions.question", "pk": 21, "fields": {"polymorphic_ctype": 24, "season": 3, "text": "Will Bronny James score at least 15 points in a single game?", "point_value": 0.5, "correct_answer": null, "is_manual": false, "last_updated": "2024-10-20T01:41:03.787Z"}}, {"model": "predictions.question", "pk": 22, "fields": {"polymorphic_ctype": 28, "season": 3, "text": "East Group A", "point_value": 1.0, "correct_answer": null, "is_manual": false, "last_updated": "2024-10-20T01:19:33.810Z"}}, {"model": "predictions.question", "pk": 23, "fields": {"polymorphic_ctype": 28, "season": 3, "text": "East Group B", "point_value": 1.0, "correct_answer": null, "is_manual": false, "last_updated": "2024-10-20T01:19:31.454Z"}}, {"model": "predictions.question", "pk": 24, "fields": {"polymorphic_ctype": 28, "season": 3, "text": "East Group C", "point_value": 1.0, "correct_answer": null, "is_manual": false, "last_updated": "2024-10-20T01:19:28.274Z"}}, {"model": "predictions.question", "pk": 25, "fields": {"polymorphic_ctype": 28, "season": 3, "text": "East Wildcard", "point_value": 1.0, "correct_answer": null, "is_manual": false, "last_updated": "2024-10-20T01:20:06.495Z"}}, {"model": "predictions.question", "pk": 26, "fields": {"polymorphic_ctype": 28, "season": 3, "text": "East Finals Winner", "point_value": 2.0, "correct_answer": null, "is_manual": false, "last_updated": "2024-10-20T01:20:09.691Z"}}, {"model": "predictions.question", "pk": 27, "fields": {"polymorphic_ctype": 28, "season": 3, "text": "East Finals Points Scored", "point_value": 0.0, "correct_answer": null, "is_manual": true, "last_updated": "2024-10-20T01:21:00.003Z"}}, {"model": "predictions.question", "pk": 28, "fields": {"polymorphic_ctype": 28, "season": 3, "text": "West Finals Points Scored", "point_value": 0.0, "correct_answer": null, "is_manual": true, "last_updated": "2024-10-20T01:20:56.896Z"}}, {"model": "predictions.question", "pk": 29, "fields": {"polymorphic_ctype": 28, "season": 3, "text": "West Wildcard", "point_value": 1.0, "correct_answer": null, "is_manual": false, "last_updated": "2024-10-20T01:21:19.638Z"}}, {"model": "predictions.question", "pk": 30, "fields": {"polymorphic_ctype": 28, "season": 3, "text": "West Group A", "point_value": 1.0, "correct_answer": null, "is_manual": false, "last_updated": "2024-10-20T01:21:31.598Z"}}, {"model": "predictions.question", "pk": 31, "fields": {"polymorphic_ctype": 28, "season": 3, "text": "West Group B", "point_value": 1.0, "correct_answer": null, "is_manual": false, "last_updated": "2024-10-20T01:21:41.561Z"}}, {"model": "predictions.question", "pk": 32, "fields": {"polymorphic_ctype": 28, "season": 3, "text": "West Group C", "point_value": 1.0, "correct_answer": null, "is_manual": false, "last_updated": "2024-10-20T01:22:56.311Z"}}, {"model": "predictions.question", "pk": 33, "fields": {"polymorphic_ctype": 28, "season": 3, "text": "West Finals Winner", "point_value": 2.0, "correct_answer": null, "is_manual": false, "last_updated": "2024-10-20T01:30:50.445Z"}}, {"model": "predictions.superlativequestion", "pk": 4, "fields": {"award": 1, "is_finalized": false, "winners": []}}, {"model": "predictions.superlativequestion", "pk": 5, "fields": {"award": 2, "is_finalized": false, "winners": []}}, {"model": "predictions.superlativequestion", "pk": 6, "fields": {"award": 4, "is_finalized": false, "winners": []}}, {"model": "predictions.superlativequestion", "pk": 7, "fields": {"award": 7, "is_finalized": false, "winners": []}}, {"model": "predictions.superlativequestion", "pk": 8, "fields": {"award": 6, "is_finalized": false, "winners": []}}, {"model": "predictions.superlativequestion", "pk": 10, "fields": {"award": 5, "is_finalized": false, "winners": []}}, {"model": "predictions.superlativequestion", "pk": 11, "fields": {"award": 8, "is_finalized": false, "winners": []}}, {"model": "predictions.superlativequestion", "pk": 12, "fields": {"award": 3, "is_finalized": false, "winners": []}}, {"model": "predictions.propquestion", "pk": 9, "fields": {"outcome_type": "yes_no", "related_player": null, "line": null}}, {"model": "predictions.propquestion", "pk": 13, "fields": {"outcome_type": "yes_no", "related_player": null, "line": null}}, {"model": "predictions.propquestion", "pk": 14, "fields": {"outcome_type": "yes_no", "related_player": null, "line": null}}, {"model": "predictions.propquestion", "pk": 15, "fields": {"outcome_type": "over_under", "related_player": null, "line": 99.5}}, {"model": "predictions.propquestion", "pk": 19, "fields": {"outcome_type": "yes_no", "related_player": null, "line": null}}, {"model": "predictions.propquestion", "pk": 20, "fields": {"outcome_type": "over_under", "related_player": 532, "line": 11.5}}, {"model": "predictions.propquestion", "pk": 21, "fields": {"outcome_type": "yes_no", "related_player": 532, "line": null}}, {"model": "predictions.headtoheadquestion", "pk": 16, "fields": {"team1": 1, "team2": 64}}, {"model": "predictions.headtoheadquestion", "pk": 17, "fields": {"team1": 72, "team2": 59}}, {"model": "predictions.headtoheadquestion", "pk": 18, "fields": {"team1": 59, "team2": 64}}, {"model": "predictions.inseasontournamentquestion", "pk": 22, "fields": {"prediction_type": "group_winner", "ist_group": "East Group A", "is_tiebreaker": false}}, {"model": "predictions.inseasontournamentquestion", "pk": 23, "fields": {"prediction_type": "group_winner", "ist_group": "East Group B", "is_tiebreaker": false}}, {"model": "predictions.inseasontournamentquestion", "pk": 24, "fields": {"prediction_type": "group_winner", "ist_group": "East Group C", "is_tiebreaker": false}}, {"model": "predictions.inseasontournamentquestion", "pk": 25, "fields": {"prediction_type": "wildcard", "ist_group": "East", "is_tiebreaker": false}}, {"model": "predictions.inseasontournamentquestion", "pk": 26, "fields": {"prediction_type": "conference_winner", "ist_group": "East", "is_tiebreaker": false}}, {"model": "predictions.inseasontournamentquestion", "pk": 27, "fields": {"prediction_type": "tiebreaker", "ist_group": "East", "is_tiebreaker": true}}, {"model": "predictions.inseasontournamentquestion", "pk": 28, "fields": {"prediction_type": "tiebreaker", "ist_group": "West", "is_tiebreaker": true}}, {"model": "predictions.inseasontournamentquestion", "pk": 29, "fields": {"prediction_type": "wildcard", "ist_group": "West", "is_tiebreaker": false}}, {"model": "predictions.inseasontournamentquestion", "pk": 30, "fields": {"prediction_type": "group_winner", "ist_group": "West Group A", "is_tiebreaker": false}}, {"model": "predictions.inseasontournamentquestion", "pk": 31, "fields": {"prediction_type": "group_winner", "ist_group": "West Group B", "is_tiebreaker": false}}, {"model": "predictions.inseasontournamentquestion", "pk": 32, "fields": {"prediction_type": "group_winner", "ist_group": "West Group C", "is_tiebreaker": false}}, {"model": "predictions.inseasontournamentquestion", "pk": 33, "fields": {"prediction_type": "conference_winner", "ist_group": "West", "is_tiebreaker": false}}, {"model": "predictions.userstats", "pk": 1, "fields": {"user": 1, "season": 1, "points": 5}}]